open_time,trade_id,direction,entry_price,exit_price,pnl_usd,exit_reason,grade,hour,day_of_week,session,m15_atr,m15_atr_ratio,m15_rsi,m15_vol_z,m15_body_ratio,m15_spread,vol_spike,vol_abnormal,h4_trend,h4_ema20,h4_rsi,h4_atr,counter_trend,h4_trend_strength,h4_consec_bear,h4_consec_bull,price_extension,group
2023-07-25 09:30:00+00:00,606,LONG,1962.66,1960.26,-84.0,SL,A+,9,Tuesday,London,148.8,0.97,60.6,1.07,0.02,15.0,False,False,UP,1963.46,49.1,677.3,False,240.4,0,3,0.09,LOSS
2023-07-26 15:15:00+00:00,609,LONG,1973.68,1971.28,-84.0,SL,A+,15,Wednesday,NY,147.8,1.24,68.9,2.24,0.51,15.0,False,True,UP,1964.99,58.6,688.3,False,37.2,0,2,1.06,LOSS
2023-08-11 09:45:00+00:00,624,SHORT,1916.24,1918.0800000000002,-88.32,SL,A+,9,Friday,London,114.4,0.63,59.5,1.15,0.68,15.0,False,False,DOWN,1922.22,44.7,674.3,False,943.5,0,1,0.48,LOSS
2023-08-23 09:30:00+00:00,637,LONG,1904.58,1902.6499999999999,-90.71,SL,A+,9,Wednesday,London,118.3,0.94,67.2,0.93,0.37,15.0,False,False,DOWN,1897.33,57.3,590.2,True,384.0,0,4,1.09,LOSS
2023-08-24 08:45:00+00:00,638,LONG,1921.59,1919.59,-88.0,SL,A+,8,Thursday,London,121.9,0.88,68.8,1.42,0.13,15.0,False,False,UP,1906.32,68.5,628.1,False,156.0,1,0,2.23,LOSS
2023-08-29 08:30:00+00:00,642,LONG,1925.1299999999999,1923.4999999999998,-88.02,SL,A+,8,Tuesday,London,96.9,0.83,64.9,1.04,0.83,15.0,False,False,UP,1916.41,64.0,576.9,False,646.3,1,0,1.12,LOSS
2023-09-05 15:15:00+00:00,650,SHORT,1929.06,1931.27,-88.4,SL,A+,15,Tuesday,NY,135.9,1.4,29.1,3.59,0.67,15.0,False,True,UP,1938.26,44.9,514.5,True,703.3,0,1,0.88,LOSS
2023-09-07 10:00:00+00:00,653,SHORT,1918.05,1919.85,-90.0,SL,A+,10,Thursday,London,109.0,0.91,44.9,1.79,0.35,15.0,False,False,DOWN,1926.86,34.6,506.1,False,220.2,1,0,1.58,LOSS
2023-09-08 10:30:00+00:00,654,LONG,1925.28,1923.59,-89.57,SL,A+,10,Friday,London,100.8,0.94,54.2,1.43,0.39,15.0,False,False,DOWN,1924.92,45.4,506.8,True,289.6,0,4,0.05,LOSS
2023-09-11 10:00:00+00:00,655,LONG,1930.53,1928.36,-86.8,SL,A+,10,Monday,London,135.3,0.98,80.3,1.89,0.96,15.0,False,False,DOWN,1923.94,55.4,544.4,True,276.4,0,3,0.7,LOSS
2023-09-20 15:00:00+00:00,665,LONG,1933.18,1931.49,-89.57,SL,A+,15,Wednesday,NY,100.7,1.16,63.1,1.78,0.76,15.0,False,False,UP,1927.78,59.2,473.7,False,448.0,0,1,0.93,LOSS
2023-10-03 10:00:00+00:00,680,SHORT,1821.48,1824.6100000000001,-90.77,SL,A+,10,Tuesday,London,197.2,1.0,48.3,2.4,0.72,15.0,False,True,DOWN,1849.45,19.9,842.7,False,2827.4,0,1,2.76,LOSS
2023-10-09 10:30:00+00:00,686,LONG,1851.09,1847.6399999999999,-93.15,SL,A+,10,Monday,London,220.3,0.76,54.8,1.26,0.41,15.0,False,False,DOWN,1832.67,62.3,887.1,True,1401.0,2,0,2.0,LOSS
2023-10-12 09:30:00+00:00,690,LONG,1882.22,1880.07,-96.75,SL,A+,9,Thursday,London,131.6,0.88,73.0,2.22,0.68,15.0,False,True,UP,1862.99,72.4,679.0,False,955.5,0,3,2.55,LOSS
2023-11-23 09:15:00+00:00,729,LONG,1997.3,1994.9299999999998,-101.91,SL,A+,9,Thursday,London,147.0,0.89,61.6,0.95,0.83,15.0,False,False,UP,1990.54,58.1,761.3,False,1162.9,1,0,0.5,LOSS
2023-11-28 08:00:00+00:00,733,LONG,2015.85,2013.3799999999999,-101.27,SL,A+,8,Tuesday,London,152.9,0.85,54.2,0.63,0.34,15.0,False,False,UP,2005.7,71.9,683.0,False,1220.7,0,1,1.5,LOSS
2023-12-18 09:15:00+00:00,745,SHORT,2023.51,2026.02,-80.32,SL,B,9,Monday,London,155.9,0.66,53.4,0.32,0.22,15.0,False,False,UP,2021.53,48.6,1030.4,True,147.6,1,0,0.13,LOSS
2023-12-19 08:00:00+00:00,746,SHORT,2024.34,2026.61,-81.72,SL,B,8,Tuesday,London,139.4,0.8,48.4,-0.3,0.34,15.0,False,False,UP,2023.93,51.9,903.3,True,448.4,0,1,0.26,LOSS
2023-12-21 15:45:00+00:00,749,LONG,2041.34,2037.37,-103.22,SL,A+,15,Thursday,NY,252.9,1.7,64.1,1.83,0.84,15.0,False,False,UP,2033.4,61.0,815.7,False,681.6,0,1,0.97,LOSS
2023-12-28 14:00:00+00:00,756,SHORT,2073.8199999999997,2077.43,-104.69,SL,A+,14,Thursday,NY,228.1,1.29,32.9,0.68,0.38,15.0,False,False,UP,2067.39,62.9,853.0,True,1813.8,3,0,0.65,LOSS
2023-12-29 15:45:00+00:00,758,SHORT,2059.18,2062.86,-103.04,SL,A+,15,Friday,NY,234.5,1.39,30.2,2.66,0.82,15.0,False,True,UP,2067.45,45.6,853.6,True,1021.1,2,0,0.97,LOSS
2024-01-02 09:30:00+00:00,759,LONG,2075.25,2072.3799999999997,-103.32,SL,A+,9,Tuesday,London,180.1,0.88,67.6,0.69,0.07,15.0,False,False,UP,2068.49,58.5,854.4,False,942.0,0,3,1.0,LOSS
2024-01-08 15:45:00+00:00,769,SHORT,2018.92,2023.5900000000001,-102.74,SL,A+,15,Monday,NY,298.6,1.4,32.3,1.61,0.87,15.0,False,False,DOWN,2041.71,29.9,1022.3,False,771.3,4,0,2.23,LOSS
2024-01-16 15:00:00+00:00,778,SHORT,2031.88,2035.9500000000003,-101.75,SL,A+,15,Tuesday,NY,259.7,1.56,24.0,1.95,0.84,15.0,False,False,UP,2044.25,44.8,882.7,True,138.5,5,0,0.76,LOSS
2024-01-26 09:15:00+00:00,788,LONG,2021.82,2019.7099999999998,-107.61,SL,A+,9,Friday,London,129.6,0.71,52.3,2.51,0.62,15.0,False,True,DOWN,2021.73,45.7,777.2,True,512.5,1,0,0.12,LOSS
2024-02-12 08:30:00+00:00,799,SHORT,2023.91,2025.38,-91.14,SL,B,8,Monday,London,86.4,0.58,50.9,0.3,0.48,15.0,False,False,DOWN,2028.8,36.9,684.1,False,350.0,1,0,1.18,LOSS
2024-02-19 13:15:00+00:00,807,LONG,2019.41,2017.44,-88.65,SL,B,13,Monday,NY,118.6,0.76,47.7,-0.97,0.83,15.0,False,False,DOWN,2009.88,58.8,681.8,True,305.0,2,0,1.01,LOSS
2024-02-29 10:45:00+00:00,817,LONG,2037.23,2035.43,-126.0,SL,A+,10,Thursday,London,108.4,1.02,57.1,0.86,0.54,15.0,False,False,UP,2032.51,54.3,564.9,False,532.9,2,0,0.36,LOSS
2024-03-04 13:00:00+00:00,820,LONG,2084.1600000000003,2081.84,-92.8,SL,B,13,Monday,NY,144.2,0.85,53.1,0.05,0.32,15.0,False,False,UP,2060.05,81.2,849.8,False,1595.3,0,3,3.71,LOSS
2024-03-08 15:30:00+00:00,828,LONG,2180.84,2174.12,-127.68,SL,A+,15,Friday,NY,435.6,2.37,73.8,3.93,0.58,15.0,True,True,UP,2143.53,85.3,1164.3,False,3541.3,0,2,2.37,LOSS
2024-03-12 08:30:00+00:00,830,SHORT,2174.5499999999997,2177.17,-131.0,SL,A+,8,Tuesday,London,162.6,0.8,30.6,1.02,0.75,15.0,False,False,UP,2167.93,67.7,1030.2,True,3417.8,3,0,0.95,LOSS
2024-03-15 10:00:00+00:00,834,LONG,2169.26,2166.75,-133.03,SL,A+,10,Friday,London,159.7,0.77,70.9,0.96,0.19,15.0,False,False,UP,2166.08,59.8,859.0,False,1463.6,0,4,0.35,LOSS
2024-03-18 10:30:00+00:00,835,SHORT,2150.1299999999997,2152.83,-129.6,SL,A+,10,Monday,London,168.7,0.83,53.0,2.52,0.19,15.0,False,True,UP,2161.19,46.7,877.9,True,577.7,0,1,0.87,LOSS
2024-03-21 10:15:00+00:00,841,LONG,2210.03,2205.27,-128.52,SL,A+,10,Thursday,London,306.4,0.6,66.9,1.3,0.81,15.0,False,False,UP,2171.26,74.8,1182.0,False,470.6,1,0,2.56,LOSS
2024-04-01 10:30:00+00:00,848,LONG,2260.19,2255.6,-96.39,SL,B,10,Monday,London,294.6,0.75,58.2,0.03,0.51,15.0,False,False,UP,2209.95,80.1,1344.2,False,2015.4,1,0,3.55,LOSS
2024-04-02 13:45:00+00:00,850,LONG,2262.1600000000003,2257.38,-95.6,SL,B,13,Tuesday,NY,305.9,1.2,58.2,-0.37,0.61,15.0,False,False,UP,2231.88,69.6,1386.8,False,2671.0,1,0,1.85,LOSS
2024-04-09 14:15:00+00:00,857,LONG,2354.92,2349.7,-99.18,SL,B,14,Tuesday,NY,335.2,1.2,53.2,-0.1,0.31,15.0,False,False,UP,2320.71,66.7,1696.6,False,3868.2,1,0,1.69,LOSS
2024-04-10 15:30:00+00:00,858,SHORT,2338.1899999999996,2344.52,-126.6,SL,A+,15,Wednesday,NY,408.9,1.62,26.1,4.1,0.53,15.0,False,True,UP,2333.68,57.0,1644.1,True,3716.4,2,0,0.29,LOSS
2024-04-16 08:00:00+00:00,865,LONG,2387.73,2382.3199999999997,-97.38,SL,B,8,Tuesday,London,350.8,0.65,59.1,-0.5,0.53,15.0,False,False,UP,2363.97,54.6,2162.8,False,2215.9,1,0,0.26,LOSS
2024-04-17 14:30:00+00:00,866,LONG,2388.76,2383.7999999999997,-99.2,SL,B,14,Wednesday,NY,320.5,0.95,54.6,-1.68,0.44,15.0,False,False,UP,2374.85,56.1,1933.4,False,1947.6,1,0,0.44,LOSS
2024-04-26 15:30:00+00:00,877,LONG,2348.32,2343.2999999999997,-130.52,SL,A+,15,Friday,NY,321.7,1.27,59.5,3.35,0.61,15.0,False,True,DOWN,2333.8,52.5,1575.6,True,1120.8,1,0,0.7,LOSS
2024-05-02 14:45:00+00:00,881,SHORT,2298.95,2303.9100000000003,-99.2,SL,B,14,Thursday,NY,318.8,0.99,34.1,-1.59,0.02,15.0,False,False,DOWN,2310.72,39.3,1402.2,False,1521.9,3,0,1.16,LOSS
2024-05-06 14:00:00+00:00,883,LONG,2321.23,2316.95,-98.44,SL,B,14,Monday,NY,272.0,0.88,63.7,-0.67,0.55,15.0,False,False,DOWN,2308.31,58.0,1502.4,True,529.6,0,3,1.0,LOSS
2024-05-07 14:45:00+00:00,884,SHORT,2312.27,2316.15,-100.88,SL,B,14,Tuesday,NY,246.4,1.0,37.0,-0.13,0.9,15.0,False,False,DOWN,2314.28,50.6,1320.2,False,137.3,0,1,0.13,LOSS
2024-05-13 14:30:00+00:00,888,SHORT,2342.37,2346.94,-132.53,SL,A+,14,Monday,NY,291.7,1.3,39.4,1.24,0.2,15.0,False,False,UP,2342.54,54.5,1254.8,True,1132.7,0,1,0.36,LOSS
2024-05-14 08:30:00+00:00,889,LONG,2345.51,2342.49,-132.88,SL,A+,8,Tuesday,London,189.9,0.82,63.5,1.11,0.74,15.0,False,False,UP,2341.41,52.5,1133.8,False,1179.5,1,0,0.21,LOSS
2024-05-15 15:30:00+00:00,891,LONG,2375.71,2369.7499999999995,-125.16,SL,A+,15,Wednesday,NY,384.6,2.03,69.1,3.83,0.82,15.0,True,True,UP,2351.51,69.3,1167.7,False,1424.4,1,0,1.8,LOSS
2024-05-21 13:30:00+00:00,899,SHORT,2417.31,2422.9700000000003,-96.22,SL,B,13,Tuesday,NY,364.8,0.98,50.8,-0.99,0.27,15.0,False,False,UP,2408.55,62.7,1529.7,True,2708.9,0,2,1.16,LOSS
2024-05-22 10:15:00+00:00,900,SHORT,2412.95,2417.57,-97.02,SL,B,10,Wednesday,London,298.8,1.04,40.6,0.38,0.73,15.0,False,False,UP,2412.44,56.5,1353.5,True,2406.1,0,1,0.33,LOSS
2024-05-27 09:15:00+00:00,907,LONG,2344.44,2340.58,-96.5,SL,B,9,Monday,London,245.6,0.98,58.3,0.41,0.64,15.0,False,False,DOWN,2356.56,36.9,1252.1,True,1366.8,0,2,0.99,LOSS
2024-05-29 15:45:00+00:00,909,SHORT,2337.62,2342.75,-128.25,SL,A+,15,Wednesday,NY,329.6,1.39,27.9,2.49,0.57,15.0,False,True,DOWN,2352.74,37.2,1143.6,False,1301.0,2,0,1.32,LOSS
2024-06-03 10:30:00+00:00,914,SHORT,2324.39,2329.56,-98.23,SL,B,10,Monday,London,333.5,1.08,52.2,-0.29,0.25,15.0,False,False,DOWN,2338.63,39.9,1236.8,False,1493.9,0,1,1.06,LOSS
2024-06-06 15:15:00+00:00,919,LONG,2361.01,2357.18,-130.22,SL,A+,15,Thursday,NY,242.8,1.02,47.1,3.68,0.64,15.0,False,True,UP,2347.07,56.1,1216.7,False,346.7,2,0,0.86,LOSS
2024-06-11 08:30:00+00:00,922,SHORT,2299.24,2302.89,-131.4,SL,A+,8,Tuesday,London,231.5,0.97,34.6,0.89,0.47,15.0,False,False,DOWN,2320.73,40.6,1376.8,False,1236.0,0,1,1.07,LOSS
2024-06-13 10:00:00+00:00,925,SHORT,2314.62,2318.8300000000004,-130.51,SL,A+,10,Thursday,London,271.8,0.71,51.0,0.59,0.43,15.0,False,False,DOWN,2319.96,47.4,1363.6,False,709.8,0,1,0.32,LOSS
2024-06-18 15:15:00+00:00,928,SHORT,2312.41,2316.21,-129.2,SL,A+,15,Tuesday,NY,241.3,1.22,45.2,1.39,0.22,15.0,False,False,DOWN,2319.02,46.5,1185.5,False,206.6,0,1,0.43,LOSS
2024-06-20 09:45:00+00:00,929,LONG,2344.13,2340.5699999999997,-128.16,SL,A+,9,Thursday,London,226.3,1.16,69.0,0.87,0.43,15.0,False,False,UP,2327.34,57.3,946.7,False,37.4,1,0,0.63,LOSS
2024-06-25 10:30:00+00:00,933,SHORT,2324.6099999999997,2327.91,-128.7,SL,A+,10,Tuesday,London,210.1,1.03,41.3,0.57,0.69,15.0,False,False,UP,2333.35,46.3,997.4,True,299.1,0,1,0.38,LOSS
2024-07-02 10:45:00+00:00,942,LONG,2330.8300000000004,2327.28,-138.45,SL,A+,10,Tuesday,London,227.5,1.05,53.1,0.66,0.96,15.0,False,False,UP,2326.17,58.3,950.0,False,145.4,0,1,0.53,LOSS
2024-07-04 08:45:00+00:00,946,LONG,2356.9,2353.9399999999996,-139.12,SL,A+,8,Thursday,London,184.5,0.81,44.6,1.02,0.25,15.0,False,False,UP,2341.66,74.1,963.4,False,724.1,0,1,1.78,LOSS
2024-07-11 09:45:00+00:00,954,LONG,2381.8700000000003,2379.14,-144.69,SL,A+,9,Thursday,London,170.7,0.93,61.0,1.17,0.84,15.0,False,False,UP,2370.55,63.4,940.3,False,1128.4,1,0,1.15,LOSS
2024-07-12 15:30:00+00:00,955,SHORT,2392.5299999999997,2397.32,-138.91,SL,A+,15,Friday,NY,306.2,1.33,25.0,3.95,0.9,15.0,False,True,UP,2389.34,59.9,1166.1,True,1754.8,4,0,0.74,LOSS
2024-07-17 08:30:00+00:00,960,LONG,2467.8900000000003,2462.28,-100.98,SL,B,8,Wednesday,London,363.2,1.03,46.1,0.17,0.61,15.0,False,False,UP,2434.94,79.5,1362.1,False,2825.8,0,1,2.94,LOSS
2024-07-18 08:15:00+00:00,961,LONG,2469.02,2465.0899999999997,-102.18,SL,B,8,Thursday,London,250.0,0.74,63.4,-0.23,0.04,15.0,False,False,UP,2447.6,67.7,1303.8,False,2837.2,0,4,1.41,LOSS
2024-07-23 15:30:00+00:00,965,LONG,2408.15,2403.1699999999996,-139.44,SL,A+,15,Tuesday,NY,319.8,1.27,61.2,2.18,0.57,15.0,False,True,DOWN,2412.16,43.7,1253.9,True,157.9,0,2,0.53,LOSS
2024-07-24 09:00:00+00:00,966,LONG,2418.98,2414.99,-135.66,SL,A+,9,Wednesday,London,254.0,1.05,64.4,1.38,0.9,15.0,False,False,DOWN,2411.73,48.3,1105.6,True,316.7,1,0,0.01,LOSS
2024-07-25 08:15:00+00:00,967,SHORT,2371.95,2378.25,-100.8,SL,B,8,Thursday,London,407.9,1.02,28.4,-0.96,0.92,15.0,False,False,DOWN,2404.19,31.1,1388.9,False,940.2,2,0,2.13,LOSS
2024-07-29 09:00:00+00:00,970,LONG,2394.51,2390.2,-133.61,SL,A+,9,Monday,London,276.2,0.86,53.3,0.6,0.56,15.0,False,False,DOWN,2389.06,50.3,1331.5,True,1245.5,2,0,0.09,LOSS
2024-07-30 13:45:00+00:00,971,LONG,2391.65,2388.2,-100.05,SL,B,13,Tuesday,NY,217.0,1.02,65.4,-0.22,0.63,15.0,False,False,DOWN,2387.48,48.6,1227.7,True,1391.6,1,0,0.08,LOSS
2024-08-02 08:45:00+00:00,973,LONG,2466.7900000000004,2460.86,-130.46,SL,A+,8,Friday,London,383.4,0.97,73.6,0.99,0.99,15.0,False,False,UP,2432.27,71.3,1445.4,False,1757.4,0,4,2.06,LOSS
2024-08-14 13:45:00+00:00,980,LONG,2475.01,2470.84,-104.25,SL,B,13,Wednesday,NY,265.5,1.12,64.3,-1.05,0.64,15.0,False,False,UP,2453.98,64.3,1350.6,False,1553.5,1,0,1.09,LOSS
2024-08-23 15:45:00+00:00,994,LONG,2501.2900000000004,2497.6,-147.6,SL,A+,15,Friday,NY,234.2,1.05,65.1,2.03,0.26,15.0,False,True,UP,2498.78,52.5,1221.0,False,1144.6,0,5,0.2,LOSS
2024-08-29 14:00:00+00:00,1001,LONG,2522.7200000000003,2518.49,-114.21,SL,B,14,Thursday,NY,269.2,1.2,61.1,-0.51,0.26,15.0,False,False,UP,2510.89,49.6,1167.7,False,711.1,1,0,0.15,LOSS
2024-09-06 10:30:00+00:00,1005,LONG,2518.42,2515.6499999999996,-155.12,SL,A+,10,Friday,London,173.4,0.91,49.5,0.54,0.6,15.0,False,False,UP,2506.21,59.5,1032.5,False,121.9,1,0,1.13,LOSS
2024-09-25 08:00:00+00:00,1025,LONG,2659.4700000000003,2654.81,-130.48,SL,B,8,Wednesday,London,298.9,0.89,49.0,-0.7,0.25,15.0,False,False,UP,2631.37,70.1,1287.3,False,3086.1,2,0,1.91,LOSS
2024-09-26 08:15:00+00:00,1026,LONG,2663.36,2660.1699999999996,-172.26,SL,A+,8,Thursday,London,200.5,0.78,59.9,0.99,0.76,15.0,False,False,UP,2644.54,73.6,1179.4,False,2956.0,0,4,2.08,LOSS
2024-09-30 15:30:00+00:00,1029,SHORT,2635.3999999999996,2641.1,-125.4,SL,B,15,Monday,NY,367.5,1.21,30.3,0.36,0.55,15.0,False,False,UP,2655.18,42.7,1351.3,True,1814.0,3,0,1.2,LOSS
2024-10-03 14:15:00+00:00,1033,SHORT,2644.47,2648.88,-127.89,SL,B,14,Thursday,NY,280.8,1.32,37.6,-1.06,0.72,15.0,False,False,UP,2651.71,42.6,1243.1,True,649.1,4,0,0.75,LOSS
2024-10-18 08:30:00+00:00,1043,LONG,2712.77,2708.91,-142.82,SL,B,8,Friday,London,245.1,0.89,74.7,0.39,0.75,15.0,False,False,UP,2679.4,73.9,1173.5,False,1814.3,1,0,2.29,LOSS
2024-10-21 15:30:00+00:00,1046,LONG,2738.4,2733.8199999999997,-187.78,SL,A+,15,Monday,NY,292.7,1.1,62.4,3.3,0.07,15.0,False,True,UP,2703.0,82.2,1118.6,False,2556.8,0,7,3.18,LOSS
2024-10-22 09:15:00+00:00,1047,LONG,2735.5800000000004,2731.64,-185.18,SL,A+,9,Tuesday,London,250.8,0.97,64.7,1.91,0.65,15.0,False,False,UP,2712.95,65.3,1151.4,False,2640.2,0,3,1.91,LOSS
2024-10-24 13:30:00+00:00,1049,LONG,2738.6400000000003,2735.01,-137.94,SL,B,13,Thursday,NY,228.8,0.96,69.5,-1.34,0.7,15.0,False,False,UP,2729.09,59.6,1142.2,False,2369.6,0,4,0.87,LOSS
2024-10-25 14:45:00+00:00,1051,SHORT,2724.14,2728.8,-181.74,SL,A+,14,Friday,NY,298.3,1.38,49.5,1.74,0.86,15.0,False,False,UP,2729.26,52.7,1164.4,True,1528.7,0,1,0.19,LOSS
2024-10-28 14:15:00+00:00,1052,SHORT,2731.7799999999997,2736.91,-133.38,SL,B,14,Monday,NY,328.8,1.03,45.6,-1.91,0.23,15.0,False,False,UP,2732.12,53.1,1173.9,True,1444.4,0,1,0.19,LOSS
2024-10-30 14:30:00+00:00,1055,LONG,2781.4300000000003,2777.41,-136.68,SL,B,14,Wednesday,NY,256.9,1.09,48.7,-0.45,0.08,15.0,False,False,UP,2757.24,72.8,1105.5,False,1958.2,0,6,2.28,LOSS
2024-10-31 09:45:00+00:00,1056,SHORT,2779.8199999999997,2783.68,-181.42,SL,A+,9,Thursday,London,247.3,0.96,35.7,1.31,0.84,15.0,False,False,UP,2767.96,66.0,1029.1,True,2125.3,2,0,1.08,LOSS
2024-11-04 15:45:00+00:00,1057,LONG,2746.75,2741.7599999999998,-174.65,SL,A+,15,Monday,NY,319.8,1.13,62.6,0.94,0.85,15.0,False,False,UP,2751.75,45.3,1208.8,False,247.4,0,4,0.42,LOSS
2024-11-07 08:00:00+00:00,1063,SHORT,2654.49,2660.3,-180.11,SL,A+,8,Thursday,London,378.3,0.77,44.0,0.59,0.7,15.0,False,False,DOWN,2705.08,24.7,1744.1,False,2290.5,0,2,2.49,LOSS
2024-11-12 09:30:00+00:00,1067,SHORT,2596.87,2603.7000000000003,-191.24,SL,A+,9,Tuesday,London,445.1,1.34,20.1,0.89,0.8,15.0,False,False,DOWN,2655.75,24.7,1735.0,False,3651.7,2,0,3.6,LOSS
2024-11-22 14:30:00+00:00,1080,LONG,2703.36,2696.7,-146.52,SL,B,14,Friday,NY,431.1,1.35,58.3,-0.53,0.8,15.0,False,False,UP,2657.82,70.8,1412.0,False,1875.5,1,0,2.48,LOSS
2024-11-27 15:45:00+00:00,1085,LONG,2656.3,2650.5099999999998,-196.86,SL,A+,15,Wednesday,NY,373.5,1.29,66.2,2.01,0.67,15.0,False,True,UP,2646.57,53.7,1752.9,False,923.0,0,3,0.55,LOSS
2024-11-29 08:00:00+00:00,1087,LONG,2665.9700000000003,2660.92,-146.45,SL,B,8,Friday,London,324.3,1.22,76.7,0.39,0.84,15.0,False,False,UP,2646.38,58.9,1452.2,False,745.0,0,3,1.22,LOSS
2024-12-02 08:15:00+00:00,1088,SHORT,2624.6299999999997,2630.98,-146.05,SL,B,8,Monday,London,412.4,0.97,36.2,0.24,0.31,15.0,False,False,UP,2644.29,45.4,1509.6,True,126.0,0,1,0.71,LOSS
2024-12-03 13:15:00+00:00,1090,LONG,2645.05,2640.83,-147.7,SL,B,13,Tuesday,NY,268.9,0.95,54.2,-1.4,0.67,15.0,False,False,DOWN,2643.81,54.8,1400.9,True,104.4,0,3,0.65,LOSS
2024-12-10 08:45:00+00:00,1094,LONG,2670.07,2665.58,-148.17,SL,B,8,Tuesday,London,287.3,1.04,55.6,-0.97,0.72,15.0,False,False,UP,2652.1,58.2,1318.0,False,628.8,1,0,0.98,LOSS
2024-12-13 08:15:00+00:00,1099,SHORT,2685.1499999999996,2689.39,-148.4,SL,B,8,Friday,London,270.2,0.85,44.9,-0.15,0.69,15.0,False,False,UP,2687.24,43.4,1472.2,True,1376.7,2,0,1.24,LOSS
2024-12-16 15:15:00+00:00,1100,LONG,2662.1400000000003,2657.61,-194.79,SL,A+,15,Monday,NY,289.2,1.14,59.8,1.29,0.2,15.0,False,False,UP,2671.67,44.0,1272.3,False,382.1,0,2,0.77,LOSS
2024-12-23 10:45:00+00:00,1106,LONG,2630.02,2625.8299999999995,-196.93,SL,A+,10,Monday,London,267.8,0.96,57.0,0.83,0.42,15.0,False,False,DOWN,2621.5,50.0,1359.0,True,1714.2,1,0,0.35,LOSS
