number,value,datetime_start,datetime_complete,duration,params_be_lock,params_be_trigger,params_daily_loss_pct,params_ema_slope_cap,params_h1_rsi_max,params_h1_rsi_min,params_lon_close,params_lon_open,params_max_concurrent,params_max_consec,params_monday_lot,params_ny_close,params_ny_open,params_risk_pct,params_rsi_slope_gate,params_sl_atr_mult,params_sl_max_mult,params_sl_min_mult,params_stoch_bear_floor,params_stoch_bull_cap,params_thursday_lot,params_tp_rr,params_vol_min_z,params_weekly_dd_pct,state
0,0.0,2026-04-17 22:10:42.350180,2026-04-17 22:10:42.355185,0 days 00:00:00.005005,1.201975341512912,2.9361118426546193,0.062484354667762726,4.195724675842024,50.567663137948074,40.54554954089941,11,7,4,5,0.6460723242676091,16,13,0.003987421406859391,1.9428287191077893,1.4367182020405163,2.96398788362281,1.4507143064099162,16.92085933774804,80.17211813031214,0.6831809216468459,2.8762437557517027,-0.5753217786434477,0.05308767414437037,COMPLETE
1,75.33799241064992,2026-04-17 22:10:42.359187,2026-04-17 22:13:36.074369,0 days 00:02:53.715182,0.7090268572399898,5.554487413172255,0.0769331322352,1.6621460920321791,54.16213491235442,47.579262371170195,14,6,1,2,0.6558555380447055,19,12,0.013328262482324452,1.6359549614212763,1.5753189731689612,1.8993475643167195,1.2851759613930136,16.418007471891592,77.07464999236124,0.7600340105889054,2.6398564275581125,-0.8046557719872323,0.19484480496118395,COMPLETE
2,22.71824479792309,2026-04-17 22:13:36.079329,2026-04-17 22:17:04.665505,0 days 00:03:28.586176,4.526723076924419,7.6369936493851345,0.03175897174514871,2.0656509905095137,52.99454657371025,49.602325128127006,14,6,4,2,0.8861223846483287,20,11,0.013164299639788449,0.7181276284502022,1.7294074748835753,3.439169255529117,0.684854455525527,17.225833413690225,79.77588666468547,0.5993578407670862,3.3703719054111207,-0.4573019364522082,0.056784093336580715,COMPLETE
3,0.0,2026-04-17 22:17:04.668508,2026-04-17 22:17:04.672503,0 days 00:00:00.003995,0.8332009328034067,6.627622080115675,0.057397887609653475,1.6927151442351784,56.92580459897299,48.214486496732896,13,6,1,7,0.8854835899772805,18,14,0.009093917385252635,0.2207608655434449,0.8093875991101241,2.9137146876952342,1.3154614284548343,16.02765372775314,90.08261662379755,0.7468977981821954,3.241220070514764,-0.3496333559465059,0.09963470372789739,COMPLETE
4,0.0,2026-04-17 22:17:04.674431,2026-04-17 22:17:04.679591,0 days 00:00:00.005160,3.3638468506870116,2.1885751141204057,0.0349575337489325,1.2982311943597877,50.25709802155606,42.05652034079275,14,8,3,7,0.9462794992449889,16,14,0.008344051678297555,1.5355471632317925,1.68864580994939,1.5508382534881904,0.9275410183585496,21.73804645259509,90.80486008982375,0.7696711209578253,1.5020959955812523,-0.846040180342414,0.11155743845534447,COMPLETE
5,0.0,2026-04-17 22:17:04.680591,2026-04-17 22:17:04.684584,0 days 00:00:00.003993,2.4219850488181534,3.36761097525165,0.05064483815465394,0.7753537632016774,52.524841048290575,51.20073585477527,14,7,4,2,0.7486242529461927,17,14,0.016906251020682384,0.5220048398943875,2.1726482637789064,2.1360069499437278,1.3960912999234933,19.951322301218024,83.81944056963722,0.6504391549083848,1.508145388677495,-0.3247696571927441,0.11261165047231686,COMPLETE
6,89.10851558993355,2026-04-17 22:17:04.687223,2026-04-17 22:20:50.324361,0 days 00:03:45.637138,1.7539090890647515,2.3088725074999363,0.04936716561665378,3.426250627548217,58.195028880566035,41.32692561589359,12,8,1,2,0.6603900324858679,20,11,0.018440520061433114,0.5599050158718508,1.284228840441695,2.7191286679597937,0.5368869473545328,18.74919912009085,81.25231325622731,0.5932592551999272,2.607501265040812,0.5232392306574352,0.19784756811659016,COMPLETE
7,0.0,2026-04-17 22:20:50.326365,2026-04-17 22:20:50.332017,0 days 00:00:00.005652,1.5192309883907207,5.072558349795686,0.04320412077803225,1.8371184850412408,60.28275094733374,50.94571065589988,12,9,1,6,0.5465513839029497,17,13,0.013967937436960648,0.36128979387738713,0.8693177406430987,2.855128723684565,1.090892943188242,19.219728782581043,79.38500767115764,0.9486078789766634,1.2464459209979972,-0.7730529575188219,0.19050949831051023,COMPLETE
8,0.0,2026-04-17 22:20:50.333964,2026-04-17 22:20:50.339016,0 days 00:00:00.005052,4.536996169786597,6.355734073221436,0.02504839789970293,3.110859486366032,57.289024767512785,39.42060160012445,13,8,4,5,0.8560896106737679,17,13,0.018080469212506996,1.8072529582014505,2.330710697177662,2.1780595820974016,1.133101457273268,10.733736874097477,75.08604692538572,0.6186245437484,2.1777868089154504,-0.9816058967667407,0.07424430711419207,COMPLETE
9,38.96289927954356,2026-04-17 22:20:50.340017,2026-04-17 22:24:07.508921,0 days 00:03:17.168904,3.057388715009622,5.94567735380206,0.03463937860274501,4.481823464850144,55.036919303472686,49.12735824958308,13,6,2,3,0.822736147953584,16,12,0.004592471053077573,0.8468856768668447,1.3531794868707552,2.7992657980944293,1.2464914051180243,16.372800794920686,84.8073660386481,0.5885553397035245,3.5778255493836983,0.2622772519945258,0.19595158321286688,COMPLETE
10,83.94759977180193,2026-04-17 22:24:07.510912,2026-04-17 22:27:22.094041,0 days 00:03:14.583129,2.1121098069757887,3.989705086685459,0.06949643799510732,3.0908890452206506,61.09786626513995,43.578237964318696,10,9,2,4,0.5287812554445286,20,11,0.01953938819147067,1.2141884278354662,1.1529520307565804,3.4390742215757313,0.5059971829558174,24.93223776893623,86.80345780511777,0.5252181817916847,2.0889522625649737,0.9783777370278763,0.15775705732126288,COMPLETE
11,98.12704575542591,2026-04-17 22:27:22.097043,2026-04-17 22:30:22.506081,0 days 00:03:00.409038,2.088067064731035,4.019648073191926,0.07239870037577445,3.2229896161198015,61.94423785105699,43.935793313917436,10,9,2,4,0.5194550263777282,20,11,0.019989161456906372,1.1222782004510512,1.1647404264733148,3.465539198199776,0.5335858849344722,24.27183698717724,87.05739107218808,0.5014195062409832,2.152909787024437,0.93067589213091,0.15519725005203464,COMPLETE
12,67.75879029840411,2026-04-17 22:30:22.510096,2026-04-17 22:31:34.387217,0 days 00:01:11.877121,1.8807516589767792,4.080745363694371,0.07877878998087376,3.665338306691374,58.72330809521219,45.587641447718255,10,9,2,4,0.6255773118034988,19,11,0.016324033773664887,1.1962034303903881,1.144004377895266,2.52698541222318,0.50888537363799,24.44211166632994,87.09378753646624,0.5084366099705521,2.1988957203514823,0.8507044833758532,0.15822049870481716,COMPLETE
13,0.0,2026-04-17 22:31:34.389182,2026-04-17 22:32:49.548839,0 days 00:01:15.159657,3.5796675365735195,2.074678597525297,0.051123892373689764,4.958130541489277,61.54459173131602,38.14435952274863,11,8,3,3,0.7345866424792951,19,12,0.019800969956234097,0.9422302947030954,1.1441358590726916,3.1667083008149954,0.7640703664623703,12.8341231764878,82.10861939879526,0.8893396964599745,2.8230946723792245,0.4904651494778301,0.1553575105556565,COMPLETE
14,43.072357334570206,2026-04-17 22:32:49.549839,2026-04-17 22:34:12.156654,0 days 00:01:22.606815,2.6162571788513844,4.266493373036884,0.06401892794328869,2.8765942728590095,59.030694227305666,44.38212793927081,11,9,1,3,0.5821718262630846,20,11,0.015590650574818211,0.6110131991958545,1.986764288009182,2.4671492725764317,0.7232983344834855,22.302292894639066,88.18129190272168,0.5509561020833975,1.9142192885405245,0.6118443812077473,0.1714340669491443,COMPLETE
15,129.39752035423945,2026-04-17 22:34:12.158651,2026-04-17 22:35:37.679390,0 days 00:01:25.520739,1.5957950522053739,2.9410470624481664,0.04366698585433801,3.73721502524267,61.980997234391616,42.08127322311475,12,8,2,4,0.51049640833885,19,12,0.010858127474391402,1.3203084843195656,1.2744692600035479,2.5738530626383365,0.8812131864220534,8.66555965694102,82.1972999990755,0.5005779894707794,3.8778782614547787,0.12099241242839542,0.1349147050264509,COMPLETE
16,145.92688820365188,2026-04-17 22:35:37.680442,2026-04-17 22:37:00.175552,0 days 00:01:22.495110,1.295830417834242,3.2846278488518843,0.04191684432264201,3.939357594960433,60.11994389349325,45.743083576409624,10,7,3,4,0.5213725900398208,19,12,0.01027527552816517,1.403265086069753,0.9480864944183545,3.1568678116408595,0.9032178740822739,8.472739538010751,85.26440765889328,0.8429581408060458,3.9315780208361404,-0.1053137915457967,0.14265083495408262,COMPLETE
17,117.89542329931706,2026-04-17 22:37:00.176552,2026-04-17 22:38:23.062074,0 days 00:01:22.885522,1.344417065617464,3.1836313490385666,0.042008763265522324,4.053806185842427,60.08872049938773,46.077461028870324,11,7,3,5,0.570971561732272,18,12,0.010166447127430117,1.3947742262901106,0.9503673449003524,3.141786415861514,0.9060796072134063,8.222320884456277,84.71331095727841,0.8548469018528332,3.9640777557905866,-0.011704415789725225,0.13542541381792916,COMPLETE
18,93.5266867171357,2026-04-17 22:38:23.063076,2026-04-17 22:39:58.419739,0 days 00:01:35.356663,0.5275201683869253,2.879720219432138,0.02256287374440371,2.572297088898135,55.95065109209702,42.856960725348195,12,7,3,6,0.5089614288081877,19,12,0.006993668096921333,1.404633621643823,0.9713779689355684,2.50466678978805,0.8553872142362664,8.330497597819999,77.61303561656355,0.8489689261845557,3.995790725138378,-0.025169871152364076,0.1373313400780682,COMPLETE
19,101.49404289815527,2026-04-17 22:39:58.421696,2026-04-17 22:41:11.101450,0 days 00:01:12.679754,1.1300682970912854,4.849785535896666,0.04210995183101025,4.7490536890613635,59.78899177571444,46.5895860071768,10,7,3,4,0.7133456145286303,18,13,0.010780445382712792,1.6708592724539286,1.8301198606913458,3.20686830120136,1.0430552214846889,12.666791365865706,82.23918007003623,0.998532727089897,3.623849863670276,0.2086743967426931,0.0882515846702085,COMPLETE
20,98.29761040831859,2026-04-17 22:41:11.102450,2026-04-17 22:42:40.201991,0 days 00:01:29.099541,3.7338144138803395,3.5470853174211934,0.028948502563239147,3.9045960774620747,48.59364255284122,40.17837340910897,12,8,2,6,0.7998239546498367,18,12,0.006799195528874759,1.395192156376171,1.509622467994825,2.228865226627564,0.8273128545959916,10.100757107763355,85.87829584298105,0.8115947618903252,3.177756607298555,-0.169737871807144,0.12934920925643537,COMPLETE
21,133.79232312096104,2026-04-17 22:42:40.203945,2026-04-17 22:44:05.772424,0 days 00:01:25.568479,1.3631452262907147,2.8468215442662226,0.04142009997204597,3.9884268465935624,60.30428359976593,45.545768482975106,11,7,3,5,0.5892606865662456,18,12,0.010585537348933007,1.3692539128433845,1.0252207504666966,3.134274544205823,0.9668449195826836,8.612919299153727,83.88281395452844,0.8951174073552459,3.968932955607582,0.1507306813926965,0.13926301309041236,COMPLETE
22,129.31229872041573,2026-04-17 22:44:05.773421,2026-04-17 22:45:40.128065,0 days 00:01:34.354644,1.6305617741715093,2.5321964281683016,0.04094666388119227,4.401433767579867,60.77716759786025,44.985573582664784,11,7,3,5,0.5821145808361095,19,12,0.01196537447370129,1.2890894546093608,1.002421345055059,3.10763193128855,0.9745992873454841,10.605819979507153,83.19116487859158,0.9226423439637228,3.7180411536129983,0.17636312364044093,0.14430071212410248,COMPLETE
23,102.6113488855674,2026-04-17 22:45:40.130067,2026-04-17 22:47:00.509016,0 days 00:01:20.378949,0.9123346622552204,2.7139367647543566,0.04643430473828561,3.7693065343039303,57.87786136693667,42.4378703854837,10,7,3,3,0.6056195478348124,18,12,0.01140568881749168,1.0338390123853556,1.2980908648674583,2.6667922408074376,1.1646055307660335,13.20090856240456,83.51641436444658,0.6908284087907096,3.7842514144872923,0.32361638289823824,0.11267855734622285,COMPLETE
24,134.26780264541776,2026-04-17 22:47:00.510017,2026-04-17 22:48:31.911814,0 days 00:01:31.401797,2.1695377162975396,3.3511299770323677,0.03846328127023653,3.6298665114139137,59.351251480042926,46.93347202474098,11,8,2,4,0.5041880714751714,19,13,0.008436479879363286,1.5500402834212885,1.0458394511720894,3.249640273759519,1.0163646010929526,9.456871401522902,88.38751271236426,0.8088757392288907,3.450653947663005,-0.1240968087778809,0.1240344193864188,COMPLETE
25,0.0,2026-04-17 22:48:31.913817,2026-04-17 22:48:31.962446,0 days 00:00:00.048629,2.3057090517825736,3.608351693132155,0.0370584124074717,2.3544879754263306,59.37115292781819,47.336974635978706,11,7,3,5,0.5520671562760968,19,13,0.0064504297489188095,1.5743895708537936,0.8009066807255163,3.272958930423709,1.0010848927805114,9.761067864269801,89.07480712588256,0.8067684941240232,3.463081271501223,-0.20584698330490986,0.17690392496037727,COMPLETE
26,0.0,2026-04-17 22:48:31.964406,2026-04-17 22:48:32.015949,0 days 00:00:00.051543,2.77901482086146,4.7806111228387635,0.057526183001352954,3.405091778478697,57.00212166484002,46.67939733593575,11,8,2,6,0.6748694753065926,17,13,0.008846528853018117,1.8056029085120269,1.0423405489976967,3.015547967848731,1.046296596133972,11.940212481993404,91.92735504277488,0.8903771710732115,3.0707095626771244,-0.1118751680755021,0.11945330166732698,COMPLETE
27,181.12547123841574,2026-04-17 22:48:32.016949,2026-04-17 22:50:17.174908,0 days 00:01:45.157959,1.0623602495188367,3.6082660821165606,0.03764102151198497,4.439369695171766,55.82056156878654,45.15489990226157,10,7,3,4,0.6087678232635326,18,13,0.0054347700951593095,1.4882390000553782,1.086732536850091,3.283113121685583,0.6419491854697466,14.532272863761598,85.50669211910382,0.9607125008501005,3.4359034284622876,-0.5578004121712707,0.09725494795014569,COMPLETE
28,131.7080560841338,2026-04-17 22:50:17.176909,2026-04-17 22:52:07.985074,0 days 00:01:50.808165,1.0308844343626362,4.4728950988543135,0.02934809243726371,4.692547437402811,54.851331819785614,48.75703997271978,10,6,4,3,0.500400285511289,19,13,0.005329875646285159,1.7619996826276354,1.421314393506844,3.353400799387475,0.6739455023347913,14.47056773884115,88.642277582368,0.9948550351637548,3.4170245784063615,-0.6798323374276434,0.09223219532912671,COMPLETE
29,138.3030405962556,2026-04-17 22:52:07.987078,2026-04-17 22:53:25.030930,0 days 00:01:17.043852,4.987197868831397,3.6067511356311335,0.03764530642801091,4.33083479631094,55.84299002868375,44.70039667589969,10,7,4,4,0.7006565369253661,18,13,0.0034393917283502286,1.939463191026931,0.8902791952474819,3.0312337836559795,0.6172010891874582,14.671711274665798,85.74063230592726,0.710722551233952,2.9524767531160956,-0.5469089245381292,0.07321933755072019,COMPLETE
30,145.2527672531074,2026-04-17 22:53:25.032924,2026-04-17 22:54:24.854287,0 days 00:00:59.821363,4.941720754132764,3.7460891692319254,0.055038765946662176,4.253259193390958,55.93730739650285,43.22730688697454,10,7,4,3,0.6951945943242848,18,14,0.003007829722448399,1.9468273668498595,0.9125000542444168,3.011968690231868,0.6112046431520124,14.669715008494148,85.06644764446905,0.7181392467303723,2.9311205097669544,-0.5828282914753352,0.061507149090109264,COMPLETE
31,166.63086346242878,2026-04-17 22:54:24.855287,2026-04-17 22:55:26.473626,0 days 00:01:01.618339,4.82153612569302,3.8367455297981494,0.05414703728993127,4.281069240898449,56.01413131890584,43.19328139461109,10,7,4,3,0.6900695430510998,18,14,0.003726993159732489,1.8995056539144581,0.9055834133338808,2.9789446375121873,0.6148384013549321,14.37407498211148,85.71173546987542,0.7131382830030841,2.903179812701247,-0.5481971537596414,0.059488745489227224,COMPLETE
32,120.34812663040204,2026-04-17 22:55:26.474578,2026-04-17 22:56:29.355522,0 days 00:01:02.880944,4.19785346201186,4.56583227554701,0.05490282920630012,4.2152325851640295,53.63603570791149,43.02997648251337,10,7,4,3,0.6207273975174767,18,14,0.0033326194929642378,1.9943912409185007,0.8986390995358722,2.9507690601326635,0.6042212908264507,14.565805054204963,85.50312488389173,0.7129233084391373,2.776738660352891,-0.605416930882463,0.05001151450746784,COMPLETE
33,113.22077093423796,2026-04-17 22:56:29.356524,2026-04-17 22:57:29.857765,0 days 00:01:00.501241,4.674904787589696,3.839457133741961,0.06116775467342296,4.990981895638758,51.51331033798358,43.72071514302256,10,6,4,3,0.7791020033802661,17,14,0.005273803629684615,1.7132165060445492,1.0809396124939397,3.280798148291473,0.774651367373682,17.483752673403483,86.66099239583805,0.6555998660171029,3.0267539837460857,-0.43964441968182155,0.06877456688661532,COMPLETE
34,116.33851764503468,2026-04-17 22:57:29.858758,2026-04-17 22:58:29.014791,0 days 00:00:59.156033,4.97988426006128,5.30050695612551,0.04677762173298149,4.217521820808048,56.13705908374599,40.97008785714434,10,7,4,2,0.6785367579317002,18,14,0.004352997497699151,1.8151971571422705,0.8210234653048392,3.0067119039132697,0.618112683955087,11.70138700960628,84.65156403811635,0.7450446478211672,2.3729458374880403,-0.3297606628168672,0.06349931965910942,COMPLETE
35,113.60330191862815,2026-04-17 22:58:29.016790,2026-04-17 22:59:27.221686,0 days 00:00:58.204896,3.9821778806763417,3.07621622584822,0.05396397100054539,4.6949766035800415,54.355548703248665,45.61736285124695,10,6,4,3,0.6390329789571132,17,14,0.003070740167119225,1.902340014412708,1.2026696416522094,2.816329348412516,0.6748959156374412,13.8366546142247,87.60685802219267,0.9670033111285009,3.247144863298841,-0.4688680195629398,0.0836850432569788,COMPLETE
36,128.30340846795514,2026-04-17 22:59:27.222682,2026-04-17 23:00:27.607111,0 days 00:01:00.384429,4.244617461261659,3.7865974741462307,0.06274702233087676,4.552028312170367,52.712761723911164,44.46281670444965,10,7,4,2,0.9959631110905053,18,14,0.005518250340038875,1.4981469953960715,1.6029757597827534,2.3829919741974463,0.8099951025554106,15.302998744649573,89.78959944194897,0.7674093341920013,2.718016339694283,-0.9558355894913675,0.05957714985593875,COMPLETE
37,116.83734978998592,2026-04-17 23:00:27.608111,2026-04-17 23:01:39.780617,0 days 00:01:12.172506,4.764558648316501,7.50496950161485,0.05879964374687566,4.075901850899851,55.30361329414031,48.026943569146525,10,6,3,4,0.7196898669951142,18,14,0.007287941349142967,1.9021464719924355,2.4952402277892856,3.387358554029818,0.7253857684449003,17.78062824579153,86.1588867787004,0.7374713243954625,2.5192433070014033,-0.752157908631697,0.10453844753918351,COMPLETE
38,0.0,2026-04-17 23:01:39.782735,2026-04-17 23:02:41.253021,0 days 00:01:01.470286,0.5852348210785676,2.466341591035687,0.05272883891679352,0.5049129661671419,56.55663679622205,41.32276724717244,11,7,4,2,0.7683547697818154,17,14,0.004396626114802063,1.6363038800360483,0.9312313288082245,1.555483042888273,0.5868251114528598,15.625214073676718,80.28217019995252,0.6721010954903448,3.0928780242412985,-0.6076334358411176,0.07776521520514657,COMPLETE
39,169.99165695534893,2026-04-17 23:02:41.253976,2026-04-17 23:03:47.458222,0 days 00:01:06.204246,3.15858338073919,4.350720840094008,0.04810226675931461,3.4592109291929916,53.62545025107146,43.08331977080065,10,7,4,3,0.6864216953423732,18,13,0.005790260214856171,1.513606200778149,1.7594018633171833,2.8866563586618215,0.6538056214739636,11.652667554004529,84.8255475190116,0.7813222235053968,3.245320865239277,-0.2701299747315689,0.09751153547130104,COMPLETE
40,0.0,2026-04-17 23:03:47.462216,2026-04-17 23:03:47.559274,0 days 00:00:00.097058,3.243981725319412,5.520127765014733,0.04861873219370851,3.435131340816712,51.86338845632214,51.97187264941026,10,6,3,4,0.6511309323067592,16,13,0.00956939960114511,1.4805544791910599,1.837256448950729,2.6902222314102167,1.4921160611251307,11.815107582250226,83.05315983041093,0.8402817241433395,3.2934848371302947,-0.28788454503551586,0.1009732886814309,COMPLETE
41,192.06860394523522,2026-04-17 23:03:47.562275,2026-04-17 23:05:01.688166,0 days 00:01:14.125891,2.895588064046487,4.347356234552146,0.045850724314226425,4.397571395924368,53.74423412974049,43.0938226275851,10,7,4,3,0.69653006586197,18,13,0.006035935438309443,1.6511946954641479,1.7719871698925078,2.9321085857916036,0.6401694862141636,13.73826779431648,84.81716852487837,0.7762912268422785,2.915849360724332,-0.44365145386508253,0.05611391127602787,COMPLETE
42,213.6318564106628,2026-04-17 23:05:01.690127,2026-04-17 23:06:14.830008,0 days 00:01:13.139881,3.0559324861949713,4.587548793268735,0.04606870339270891,4.527512247151085,53.49707396955071,41.91119545423393,10,7,4,3,0.7463175725828114,18,13,0.007667732411968791,1.6242499977401414,1.7863599416738154,2.873560928760889,0.6781232942044387,13.310231373441015,84.09520619409794,0.7949192716153216,3.588704808699146,-0.45281309240782536,0.09334580033059243,COMPLETE
43,206.3453911216525,2026-04-17 23:06:14.831965,2026-04-17 23:07:21.203479,0 days 00:01:06.371514,2.929400572761358,4.509562228966682,0.04644331540909316,4.548661954730166,53.46891200667202,41.8124185408338,10,7,4,2,0.7477840882077208,18,13,0.0059259975994708225,1.6307932896140198,1.7692129762251678,2.905300525251278,0.568117879546838,16.61489169477594,84.11613789830999,0.7933948623076155,3.3352022760537254,-0.4246174373205532,0.09599932440996006,COMPLETE
44,6.872604633569504,2026-04-17 23:07:21.204491,2026-04-17 23:08:19.567549,0 days 00:00:58.363058,3.0487034688712247,5.17599421296162,0.04518276835298907,1.136831828146817,53.49937466490926,40.01685396820878,10,7,4,2,0.753729415046404,17,13,0.007589931175803661,1.6186737475844246,1.778536848638412,2.862941183217764,0.5624355169876689,16.19757062577983,84.13896086806952,0.7867994525278922,3.5794221501494925,-0.4115500601418214,0.0948019828663096,COMPLETE
45,222.2669085393431,2026-04-17 23:08:19.568549,2026-04-17 23:09:45.472472,0 days 00:01:25.903923,2.8049428298220778,4.364581650890621,0.03317395104296307,4.5625578805045715,50.43187008122375,41.71009993582596,13,7,4,2,0.8217591998283714,18,13,0.005995058238157205,1.712154616782807,1.9565522538361686,2.746687058296018,0.691970492604416,13.467444764080362,81.27990935628341,0.7837008122643341,3.375379777368254,-0.2600286640573379,0.08297001286946866,COMPLETE
46,166.67478644161622,2026-04-17 23:09:45.473473,2026-04-17 23:11:12.927969,0 days 00:01:27.454496,2.7737417694076387,5.866675737056576,0.03501051130373581,4.804318156141451,50.09744064984884,41.74352738430551,13,7,4,2,0.8480078925605712,18,13,0.007876913822447039,1.726336685999661,1.9525789277986951,2.6057870934047225,0.7170413078744613,16.99834595175096,80.830724788804,0.794730233945036,3.693906970267178,-0.8793241197515851,0.08094090311637961,COMPLETE
47,208.65578433533761,2026-04-17 23:11:12.929936,2026-04-17 23:12:25.924557,0 days 00:01:12.994621,2.514474454895503,4.7722645702785975,0.03186421931933797,4.5140724922012625,50.93593851638508,39.41723853915961,13,8,4,2,0.8122839846103602,17,13,0.00613068103004353,1.6425154506616437,2.081476672445543,2.7596576211773436,0.5436696989245827,13.647243252284511,79.48675396363706,0.8296469246389278,3.3641912663322637,-0.6984204306411124,0.08666042178793595,COMPLETE
48,152.12116352718172,2026-04-17 23:12:25.925557,2026-04-17 23:13:30.802728,0 days 00:01:04.877171,2.550547782747671,4.696447906748376,0.03198482059568781,4.576050119091277,49.55681471900595,38.82627552250844,13,8,4,2,0.9045991911905872,16,13,0.006280490154968326,1.6461493702331305,2.114725684641435,2.770930993846908,0.5561432872362589,13.594169258931844,78.31899562542712,0.8319243971988536,3.319667242916264,-0.7121677245153135,0.08748187201646286,COMPLETE
49,133.57048799907685,2026-04-17 23:13:30.803696,2026-04-17 23:14:43.384253,0 days 00:01:12.580557,2.9061002922777246,4.1904195805742726,0.02688006023470997,4.907452918208929,51.10904127803598,40.70773646397322,14,8,4,2,0.8287013053968623,17,13,0.007990317950989052,0.17997252084984516,1.9887627188114363,2.3876566951123688,0.5218416061809589,18.50184735709442,79.6355023282871,0.7599408535266878,3.1631823833732517,-0.4157043969718411,0.06939007338935908,COMPLETE
50,167.88542065981477,2026-04-17 23:14:43.386210,2026-04-17 23:15:56.668428,0 days 00:01:13.282218,3.5143067432883357,4.979277303564634,0.020934442555646006,4.589048918943717,52.174166620559824,39.036687080351705,13,8,4,2,0.7982094741635031,17,13,0.004766272136581893,1.8218995088129706,1.6590374098961918,2.75114015027332,0.742645320932743,15.5701071453698,75.72085935299123,0.8178451082766839,3.598285032370857,-0.8220386661488988,0.1071439763595431,COMPLETE
51,252.1048838846017,2026-04-17 23:15:56.669423,2026-04-17 23:17:22.162779,0 days 00:01:25.493356,2.9541116662905567,4.50594891233179,0.03266504775471495,4.5707420711263635,50.68681075881076,41.79107674746619,13,7,4,2,0.7340333004186814,18,13,0.005880166970396492,1.5927040907752805,2.105058720643296,2.6453336777780634,0.6543312392756723,12.560562663252934,81.46882981713364,0.8690765376312108,3.4511202273113843,-0.6657067292048526,0.08970340803343718,COMPLETE
52,160.49168251947538,2026-04-17 23:17:22.163778,2026-04-17 23:18:49.442329,0 days 00:01:27.278551,2.499222424650618,5.3955950324719195,0.032577063901737924,4.809816891106075,50.697856047480535,41.750825390628385,13,7,4,2,0.7304530879987591,18,13,0.0063390539297984525,1.7147566591405543,2.1161288710560133,2.642507320466859,0.5667831089725168,12.347637900530206,81.54310348776448,0.872279435346435,3.5460625878949905,-0.4885084130025473,0.09007759724569535,COMPLETE
53,194.64564896021372,2026-04-17 23:18:49.444329,2026-04-17 23:20:01.845846,0 days 00:01:12.401517,2.9467039976747955,4.518494473558696,0.02434404829366374,4.477327610334759,49.343289194485415,42.36205063339991,14,8,4,2,0.7530290122771941,17,13,0.006064319407013684,1.5737600782654777,2.2420794247788436,2.904609866344234,0.6933135316650583,11.128900161711133,78.47637652814969,0.8724187386197844,3.3867966071441273,-0.34378807079330065,0.0836144097769152,COMPLETE
54,68.27880681176458,2026-04-17 23:20:01.848817,2026-04-17 23:21:06.558211,0 days 00:01:04.709394,3.399379501613074,5.780551985576736,0.024527408715899514,4.0969151599275655,48.04410485642376,40.05569570954725,14,8,4,2,0.7913431479406492,16,13,0.009307336527848271,1.2144938196862132,2.2729945197600765,2.726770065816924,0.7048327685288266,10.908589807148658,78.93062514531005,0.8646612849656835,3.8004530353319517,-0.33785178963557,0.08346055462251964,COMPLETE
55,141.4322843775379,2026-04-17 23:21:06.559211,2026-04-17 23:22:23.076889,0 days 00:01:16.517678,2.9925655994225866,4.986736412003256,0.0298801538670704,3.837016958611352,49.09492948137508,38.040255744393676,14,8,4,2,0.7558068406425379,17,13,0.006842021664070152,1.5818536123484668,1.9463141399531692,2.8372333618089858,0.7781266891923018,19.899142597453423,80.59511750262664,0.907775303952987,3.3863761510423633,-0.6792313305177871,0.07522437748353514,COMPLETE
56,163.54982446938064,2026-04-17 23:22:23.078465,2026-04-17 23:23:43.350063,0 days 00:01:20.271598,2.340706796986284,4.5977538701708,0.026064490363734254,4.577553379658529,50.53475813386347,42.45529862247843,13,8,4,2,0.8808213692146307,17,13,0.004976984510928846,0.8293085399938729,2.2599969259166133,2.4163956119254295,0.6765637233810436,11.136695570236036,77.01131034925442,0.924352000364847,3.696365624013521,-0.2504221915438083,0.11393573582579553,COMPLETE
57,116.90183070972864,2026-04-17 23:23:43.352072,2026-04-17 23:24:49.837424,0 days 00:01:06.485352,2.6786453561419608,4.082014943851119,0.034051746829216495,4.901837645729231,49.846550905340216,39.62014829972644,12,8,4,2,0.8228547463435949,17,13,0.004114185354940576,0.3244444486149628,2.0767046251830448,2.555962553148006,0.5152477865489488,12.852974997418757,82.75776575774363,0.8284019181591608,3.5184449327874527,0.04389716598564736,0.1040301029852691,COMPLETE
58,0.0,2026-04-17 23:24:49.838423,2026-04-17 23:24:49.876943,0 days 00:00:00.038520,3.3431683662965455,4.88466967045141,0.020462017851793843,4.418632673676656,51.23136912293579,41.189369965420035,13,9,4,2,0.7402269990813931,16,13,0.008362685016021734,1.2993289297005806,2.4006969028181686,2.2959174816633268,0.8050763086804683,12.307578951470543,78.8562973186945,0.8808428521252483,1.671398875598429,-0.6472143076472668,0.08658983699624752,COMPLETE
59,30.64659243156781,2026-04-17 23:24:49.877942,2026-04-17 23:26:01.875767,0 days 00:01:11.997825,1.972355910701749,5.15251873755616,0.027642043182492443,1.4005143967343343,49.080744781568995,42.14709301025475,14,8,1,2,0.7775006155660158,17,13,0.012954733889450959,1.4563901706789326,2.208982291907748,3.0764660699912363,0.8543638205896246,12.92473828116905,81.63648491784306,0.8574666739290809,3.851570853346046,-0.3774817990011727,0.06888350653963099,COMPLETE
60,157.76455327440812,2026-04-17 23:26:01.876770,2026-04-17 23:27:28.771610,0 days 00:01:26.894840,3.752539488797576,4.491398865739864,0.023470485624255015,1.9623618001415069,52.889219346680385,40.39031510443835,13,8,4,2,0.8456313108086708,19,13,0.007228514515072795,1.5898617309078216,1.8905516864696226,2.7860000094696753,1.3351980423834187,16.48013679975969,77.58841549547363,0.7950587719806047,3.3222367695958392,-0.4958918029195942,0.07951095347642399,COMPLETE
61,157.56232966734552,2026-04-17 23:27:28.773565,2026-04-17 23:28:48.601499,0 days 00:01:19.827934,2.88879078670208,4.280535598766121,0.03980916993931529,4.431387781124822,52.04271859127907,44.02710064146398,12,7,4,3,0.7150720260409442,18,13,0.006200495447629481,1.7022633237795601,1.703525262593672,2.8917597973302542,0.6425535147911892,13.634739374191767,81.11249687621387,0.7660149802555478,3.153579696940606,-0.2067853675138875,0.09206062585704679,COMPLETE
62,252.93549516808287,2026-04-17 23:28:48.602499,2026-04-17 23:30:15.067874,0 days 00:01:26.465375,2.6496540953452703,4.405706989906462,0.05027475845221767,4.711594239626793,54.026866533060065,41.68989741989449,14,7,4,2,0.7667437480491927,18,13,0.005975612774008458,1.7910705198461134,2.0392385365728614,2.9237251135658764,0.57736513171499,15.241178466239132,80.04701023836799,0.822667569546509,3.4936700740256845,-0.7665530050111936,0.05358887153700695,COMPLETE
63,0.0,2026-04-17 23:30:15.068917,2026-04-17 23:30:15.106472,0 days 00:00:00.037555,3.163538677814553,4.743570985994446,0.05105387026993346,4.676889182220138,54.43179687456439,41.63499027899223,14,7,4,2,0.8083955961277476,18,13,0.006726867420650235,1.7653491493712046,2.0663568470739424,1.968047443844688,0.5771993212655325,13.30933930041467,80.0133232970938,0.822695692751722,3.6581372794420033,-0.7511213518721951,0.1179416477855906,COMPLETE
64,219.24340582489154,2026-04-17 23:30:15.107472,2026-04-17 23:31:41.598115,0 days 00:01:26.490643,2.580808761876229,4.155788711100608,0.03497758904479325,4.101451387829022,50.845899664205916,42.503990491029036,14,7,4,2,0.768279352601119,18,13,0.00483893918024505,1.7912282290790364,2.0375690233797377,2.6662119145278225,0.5416199725878319,15.3419334479179,82.35905612155196,0.8499728594842998,3.502567711450806,-0.8898544354303569,0.06596048291381053,COMPLETE
65,215.0121357994519,2026-04-17 23:31:41.599273,2026-04-17 23:33:07.458775,0 days 00:01:25.859502,2.2091636058487496,4.008295090170427,0.03534738885657227,4.833270439764443,50.840895683637235,40.84845516497745,14,7,4,2,0.8671026133841131,18,13,0.005046648208823587,1.8568648087483042,2.0294767996251624,2.6203594468745965,0.5345544433027756,15.269839597063855,82.46989353902897,0.8044351238548314,3.5144487044308086,-0.9895664257580514,0.06512010847640277,COMPLETE
66,286.5454397601928,2026-04-17 23:33:07.460732,2026-04-17 23:34:35.051654,0 days 00:01:27.590922,2.243078604273867,3.9968352415264277,0.0358772291842034,4.811703492953493,50.80795322013788,38.56893780902132,14,7,4,2,0.8851070814965071,18,13,0.004977155323858765,1.8516303631093542,2.1491567395128404,2.60817857560186,0.535184888920898,15.275129560053271,82.48116104123629,0.842294013046037,3.5078248710389914,-0.9059102622039261,0.06514906981186744,COMPLETE
67,228.20022644538824,2026-04-17 23:34:35.052668,2026-04-17 23:36:03.396800,0 days 00:01:28.344132,2.1997854633083325,4.053255988329998,0.03522632830268588,4.974131216358158,50.26587782722985,40.70536144588709,14,7,4,3,0.9183628375452231,18,12,0.004722772289541871,1.8472701096291044,2.004855715719801,2.476274670146002,0.5083787029820254,15.163400686402927,82.27984626318785,0.8479048733071637,3.498782179946566,-0.9135219928370407,0.06506887556920524,COMPLETE
68,293.16726586640607,2026-04-17 23:36:03.397758,2026-04-17 23:37:31.609245,0 days 00:01:28.211487,1.777813413020103,3.9992911897846697,0.03520253836842874,4.9753179805633865,50.31029214839533,38.62067917869364,14,7,4,2,0.9162989969293069,18,12,0.0037559055880438683,1.8523439529533479,2.0005945600704664,2.4780688589214583,0.5318954789737891,15.451196327723077,82.62760836835638,0.9085288109258448,3.4768825859199994,-0.9110129238885403,0.05319376428941211,COMPLETE
69,297.83204541178236,2026-04-17 23:37:31.610245,2026-04-17 23:39:00.900830,0 days 00:01:29.290585,1.783085176588093,4.151956348733475,0.0334592642729273,4.994430947690532,50.219406422411545,38.593530700416686,14,7,4,7,0.9163292420431756,18,12,0.0038276355427025142,1.841161849349463,2.156060791629764,2.475713916921582,0.5078102175400729,15.850279456152707,81.94760523060313,0.9114059968677456,3.7608276477214817,-0.9056188144634724,0.05380998545686181,COMPLETE
70,437.8769768495283,2026-04-17 23:39:00.902830,2026-04-17 23:40:36.260675,0 days 00:01:35.357845,1.7271161460041438,3.4240732721997826,0.029930518831964768,4.915908153486509,50.38296570167011,38.65728010614911,14,7,3,7,0.9198306921453945,19,12,0.0037648611602686707,1.9833751937660282,2.1603115297296083,2.463428383450937,0.5006755291205028,17.876222754870536,81.60337288446594,0.92327031710983,3.782662691593085,-0.9292737270420337,0.05285566114680142,COMPLETE
71,459.5769146089556,2026-04-17 23:40:36.261674,2026-04-17 23:42:11.876676,0 days 00:01:35.615002,1.8093514017412693,3.362178995963509,0.029286437605084616,4.999818920702677,50.11535414163218,38.48409682414413,14,7,3,7,0.9212879309199623,19,12,0.003892105905411287,1.9756216261110442,2.161246843381588,2.4668649522894897,0.5149234114068303,18.345955910105335,81.803265385022,0.9294537725941727,3.7673271240132498,-0.9209880799634446,0.05448975845304628,COMPLETE
72,393.628520641508,2026-04-17 23:42:11.877635,2026-04-17 23:43:48.354385,0 days 00:01:36.476750,1.7689212855110648,3.4093816962087953,0.030081408527249262,4.960418237330498,50.00969742788179,38.49337228884237,14,7,3,7,0.9265597124737269,20,12,0.00385673481069007,1.9565860821879855,2.160097469173568,2.475472766084182,0.5850178236003777,18.450130271410487,81.85434761301464,0.9384983839028456,3.774330238766228,-0.9145197197407459,0.05285342474030835,COMPLETE
73,341.9022884653335,2026-04-17 23:43:48.356355,2026-04-17 23:45:31.882201,0 days 00:01:43.525846,1.9019753110785358,3.4350513688846034,0.029957510485456987,4.993905447820322,48.38272100494266,38.4648422298165,14,7,3,7,0.9508183982265317,20,12,0.0038122687215895743,1.993130127657932,2.1754534803259915,2.264770388313503,0.5050436829758332,18.174371244199772,81.72456427614642,0.9358893670501167,3.7914214334136247,-0.8217574112346553,0.055041771374758235,COMPLETE
74,0.0,2026-04-17 23:45:31.884336,2026-04-17 23:45:31.923805,0 days 00:00:00.039469,1.7504902491361076,3.4044986641543753,0.02861317843482539,4.763225545524288,48.29797839067533,38.42680206046446,14,7,3,7,0.9524944216407066,20,12,0.00369076502667262,1.982601078054958,2.157919579320027,2.0740140280684702,0.5051934272601887,18.21286217493521,83.09868050098437,0.9344771528275321,3.88446536749229,-0.8226714496505747,0.052389423374279306,COMPLETE
75,0.0,2026-04-17 23:45:31.924808,2026-04-17 23:45:31.962405,0 days 00:00:00.037597,1.8829998152374394,3.115907607897483,0.03033543272039039,4.9957616894389965,48.79763513360507,38.54640996316253,14,7,3,7,0.9488016753906579,20,12,0.0040087233961464686,1.9439046744694535,2.339209410433985,2.2940614789515794,0.5938542742425765,19.48468136375556,81.92877753525651,0.9482639895553787,3.778480612577044,-0.9409639660939838,0.05546771545971686,COMPLETE
76,401.14333064058616,2026-04-17 23:45:31.963362,2026-04-17 23:47:14.126237,0 days 00:01:42.162875,1.5045910533341542,3.4709565366394246,0.030083278824782938,4.747039156097743,49.716255627235164,39.05417952614576,14,7,3,7,0.9706220852529289,20,12,0.003688200777936556,1.8640709033201162,2.165759016834931,2.321519402954911,0.5464854359034937,20.766010271503163,80.41354301922624,0.9718031189524048,3.7673356260515236,-0.8513538346996471,0.05011456237256854,COMPLETE
77,381.33424587753296,2026-04-17 23:47:14.127237,2026-04-17 23:49:07.622791,0 days 00:01:53.495554,1.657649736541893,3.450048215481095,0.030466616412687695,4.860224507094248,49.77888503292144,38.91558919206257,14,6,3,7,0.9684843413687382,20,12,0.0035809328474372057,1.9963130829228182,2.1863617378809894,2.295836145635612,0.5019720264838765,21.392431426667855,83.58776097935917,0.9819629146251151,3.9282126174629663,-0.8549648498407337,0.050893337264962826,COMPLETE
78,0.0,2026-04-17 23:49:07.623794,2026-04-17 23:49:07.668356,0 days 00:00:00.044562,1.470506661384856,3.4337066701972363,0.0311844413887696,4.874152578972355,49.71085546758768,39.2702919219345,14,6,3,7,0.9755294917210334,20,12,0.003608079535419913,1.981301318782592,2.3258927298735252,2.3042429564457114,0.5035763638629172,22.041683037997217,81.81263576003289,0.9807330991338229,3.8992757474516493,-0.8520021804103369,0.050088539446110074,COMPLETE
79,395.33564333998703,2026-04-17 23:49:07.670358,2026-04-17 23:50:59.609862,0 days 00:01:51.939504,1.6465678947956806,3.2616266646392518,0.02823435311460023,4.980409780514264,48.53116112378006,39.84205082297242,14,6,3,7,0.9286831440238571,20,12,0.004229878860375532,1.8929475925733652,2.191539039456429,2.4376963634380773,0.5963277376050206,20.9176387869965,80.62036188504136,0.9520877746391644,3.9961306423475067,-0.9848228621707373,0.058400215364258996,COMPLETE
80,0.0,2026-04-17 23:50:59.610867,2026-04-17 23:50:59.651465,0 days 00:00:00.040598,1.5726448389707133,2.745466683089781,0.025935977448301943,4.705205605677207,48.70682845978913,39.67406577868286,14,6,3,7,0.9338777202437301,20,11,0.0031649550389936344,1.9009812764040772,2.2013931082592157,2.16479455626338,0.5001378301974035,20.500922226210783,80.68220930718728,0.9763546783122786,3.785515171575457,-0.8053381487336179,0.059704630183705434,COMPLETE
81,398.6466205073456,2026-04-17 23:50:59.733774,2026-04-17 23:52:48.756938,0 days 00:01:49.023164,1.7473066081869901,3.2131345267246063,0.02836112223213958,4.987725117539218,49.941469317243474,38.983422845641606,14,6,3,6,0.9645380836066766,20,12,0.004029760046550792,1.9914022317746252,2.3054581564918486,2.44805906149752,0.5938721403303441,21.260703549039967,83.67987045116021,0.9487199031693296,3.9787242106084304,-0.9977716313545905,0.057387616988188464,COMPLETE
82,0.0,2026-04-17 23:52:48.757938,2026-04-17 23:52:48.800451,0 days 00:00:00.042513,1.233227892964786,3.2955568393303474,0.02785360737260714,2.8687081453981396,49.2937022664198,38.00571877101198,14,6,3,6,0.970061358799036,20,12,0.00421932758247628,1.9386773964356123,2.3802195014342358,2.222666260682686,0.6042920504557708,21.17966943045591,83.53139774245132,0.9499221261606464,3.9818115659111495,-0.9991560820870425,0.05775477255006948,COMPLETE
83,383.8462366809512,2026-04-17 23:52:49.124590,2026-04-17 23:54:38.354073,0 days 00:01:49.229483,2.051751376916969,3.12169400102686,0.03017468752983367,4.8539030586669485,48.547727036211064,39.16495870186395,14,6,3,7,0.9981737902399299,20,12,0.0044440878843270346,1.9955699017763953,2.3016489434924345,2.331770091088533,0.5579423404265572,23.15037591495922,80.98516975346648,0.9402053100755929,3.8387520117512306,-0.9481930372105896,0.05649586017562412,COMPLETE
84,0.0,2026-04-17 23:54:38.355073,2026-04-17 23:54:38.394070,0 days 00:00:00.038997,1.4445492671611178,3.0313744881119797,0.023003540159172043,4.688381614955597,48.04134764914053,39.03047561913732,14,6,3,7,0.997508013127546,20,12,0.015074189597852785,1.9972868522231237,2.4770515993978055,2.0942348474131194,0.6300950486336626,23.421154974634952,81.05455839755805,0.9392960936983509,3.8456530839790406,-0.8477664001671075,0.06131979707078983,COMPLETE
85,353.1214855968133,2026-04-17 23:54:38.489089,2026-04-17 23:56:31.668452,0 days 00:01:53.179363,2.029786974329675,3.224022209185819,0.03058548178112484,4.846437036739961,48.368125639835235,39.852653242771176,14,6,3,6,0.9656102310195371,20,12,0.004455643095046888,1.9216492574178115,2.3109321310862363,2.3402047535414816,0.5489895898567223,20.98495465851564,80.58248897195064,0.9608472382241842,3.932839018510601,-0.9514496985297352,0.0718737518799492,COMPLETE
86,359.3398079497293,2026-04-17 23:56:31.669454,2026-04-17 23:58:20.093092,0 days 00:01:48.423638,1.6555372737892573,2.530100033817942,0.0266731097556913,4.844242171444767,49.8834532992658,39.913975374259806,14,6,3,6,0.9784931054443236,20,12,0.004483683674518437,1.8936380406212494,2.300707585263454,2.3551524720723154,0.5919132571058847,22.743358474146056,80.31613281001634,0.9899261355378718,3.9899564667547573,-0.9595874337165742,0.05785471778240636,COMPLETE
87,0.0,2026-04-17 23:58:20.095045,2026-04-17 23:58:20.135040,0 days 00:00:00.039995,1.6697132602344926,2.212238116162129,0.026880686870365513,4.275873060729701,49.883418358395645,39.11051252355171,14,6,3,6,0.9830094127025298,20,12,0.0032574675504095964,1.8987341868981034,2.4292761023042653,2.4068745125041247,0.5846582838846407,22.965773520719974,80.23503871327729,0.9950426400986101,3.9694134927403164,-0.9570208876565759,0.05061489368206093,COMPLETE
88,253.57033059586303,2026-04-17 23:58:20.136040,2026-04-18 00:00:09.741378,0 days 00:01:49.605338,1.37852977821642,2.4448300601683473,0.028631215850767625,2.2811678009330874,51.63708924178144,40.280781621695134,14,6,3,7,0.9332926868894873,20,11,0.005340116342000548,1.8865684999755705,2.291888262324435,2.537171102995561,0.6064124423772818,22.881596031799138,83.59593269847241,0.9728538746621177,3.867979807188431,-0.9994831571952763,0.057682411206806956,COMPLETE
89,402.64852400714943,2026-04-18 00:00:09.742378,2026-04-18 00:01:53.270979,0 days 00:01:43.528601,0.9025498068315099,2.6633287335235476,0.022011167697831797,4.666687696737311,48.89335554464742,39.54298130433108,14,6,3,6,0.9857222370471604,19,12,0.003000364779427959,1.9569656310293828,2.212431405636239,2.419870168007553,1.2061151948806208,19.044129182518347,79.09632710042237,0.9862307369293991,3.7031465871696865,-0.7380207669098807,0.06215661198553335,COMPLETE
90,396.55477256186185,2026-04-18 00:01:53.271980,2026-04-18 00:03:33.319588,0 days 00:01:40.047608,0.8877045674542868,2.913856966509927,0.02184920092622381,4.665867913441523,48.79867026377561,39.43796464956702,14,6,3,7,0.9365415897728618,19,12,0.0030051049118006183,1.9501724216031104,2.2282508222595014,2.430587557379439,1.1326171948472643,19.02359166578675,83.05363533664516,0.9552405147405929,3.7183709760870727,-0.7402334424909203,0.062367251176715405,COMPLETE
91,466.2688847978078,2026-04-18 00:03:33.320592,2026-04-18 00:05:15.833979,0 days 00:01:42.513387,0.7870869008182189,2.92489123539797,0.021824792913020884,4.689400010957587,48.9152057217457,39.3686599111098,14,6,3,7,0.960488059298554,19,12,0.0033972411120227405,1.9587568822232877,2.2355344343611376,2.4286890869069357,1.1963300684575173,19.07635909314513,82.98401950742357,0.9517237428628876,3.721308361757197,-0.7402372267925419,0.06122260861400091,COMPLETE
92,365.1834460022942,2026-04-18 00:05:15.834991,2026-04-18 00:06:57.564819,0 days 00:01:41.729828,0.747300015089523,2.899656236426834,0.02181497277379486,4.667411961832994,48.821828252501575,39.388178662709095,14,6,3,7,0.9351857632308977,19,12,0.0030197828711907714,1.9427399955187252,2.2506973724648867,2.4348664633216552,1.1637076069840704,19.15457637892821,79.13779174582763,0.9233845469202933,3.661396920541767,-0.732769925122098,0.062099506856594586,COMPLETE
93,280.57682982890117,2026-04-18 00:06:57.565820,2026-04-18 00:08:40.616607,0 days 00:01:43.050787,0.8693637433347652,2.9942410862296036,0.024819425553908044,4.329162842540593,49.1004882274756,38.25846510750897,14,6,3,7,0.9033269585341313,19,12,0.004234404508508353,1.769456409482964,2.360691976318979,2.5208558010593425,1.2306275340575858,20.1528103415868,84.41882188626083,0.952098285307123,3.716284228812046,-0.7834460600573908,0.07163094315904506,COMPLETE
94,0.0,2026-04-18 00:08:40.618618,2026-04-18 00:08:40.661117,0 days 00:00:00.042499,0.9964647706656677,2.657171609998727,0.02202013335545642,4.642033999477538,49.442048506529524,39.567387941928104,14,6,3,6,0.9864522461647061,19,12,0.0035062510334742626,1.960711808949087,2.2299574513639615,2.226433882178962,1.2635395812905215,19.064160823819577,83.01882633129289,0.9647955169649132,3.6220855282307083,0.6883624260970552,0.07640998507531771,COMPLETE
95,272.0807640556245,2026-04-18 00:08:40.662117,2026-04-18 00:10:22.154714,0 days 00:01:41.492597,1.129451707855467,2.7784183815033843,0.020259378567185564,4.735791390232644,48.525908257081895,39.194820799204045,14,6,3,7,0.8983368993097396,19,12,0.0030024840087746873,1.8775860538951097,2.4105344263551802,2.4467834280650753,1.1032806608668733,17.68921625178814,81.15323109206423,0.9006179792591298,3.831189566853157,-0.7837022538517449,0.06812478882539191,COMPLETE
96,318.030856070656,2026-04-18 00:10:22.156719,2026-04-18 00:12:02.084857,0 days 00:01:39.928138,0.7277338392809428,3.6960896708795654,0.06845699355373616,4.340499844179713,48.928270953554005,38.79490501293411,14,6,3,7,0.9400615238426182,19,12,0.004069107359323362,1.9366473317492274,2.4455420209896186,2.5656499870890004,1.1456090916601125,20.619834544752106,79.8257412053459,0.9429349362009016,3.7034933637946006,-0.631163654769118,0.06187197690152493,COMPLETE
97,229.65398657658096,2026-04-18 00:12:02.085858,2026-04-18 00:13:42.450852,0 days 00:01:40.364994,0.6212288189156752,2.3376198295058694,0.023863646487614524,4.74848364337214,49.44202910029026,40.43278234837595,14,6,3,7,0.9610755838939175,19,12,0.004607311024670373,0.6227742120233236,2.224976239134707,2.3412661684260216,1.1856642220276454,18.643017578451477,82.77873748260903,0.9577901785014452,3.74138334835893,-0.8740025468087341,0.05835536250275058,COMPLETE
98,410.85970289048475,2026-04-18 00:13:42.451848,2026-04-18 00:15:24.003875,0 days 00:01:41.552027,1.303124140162927,3.1624095621494286,0.02594467192467522,4.900336052768258,49.12690831990283,38.27008181381884,14,6,3,6,0.9909638552385571,19,12,0.0033603759779186303,1.8108181291379117,2.271910031721576,2.3687478593194227,1.2147066995391522,19.978571107567657,80.92569766507194,0.9219976155288692,3.9112856987703473,-0.7321258161556364,0.055783759636466285,COMPLETE
99,0.0,2026-04-18 00:15:24.005873,2026-04-18 00:17:04.871386,0 days 00:01:40.865513,1.2882584959509191,2.638124095059421,0.022714650258946603,4.166394731698711,50.00750159620139,38.280661846138145,14,6,3,6,0.9232009096151556,19,12,0.018314719423216327,1.8032193280066973,2.1249761383683925,2.379685199849772,1.2871612386269657,19.70089983598851,82.1143444113902,0.9253952600191075,3.647940375937204,-0.711273163637618,0.06247714157711641,COMPLETE
100,381.3920736475017,2026-04-18 00:17:04.872342,2026-04-18 00:18:41.649465,0 days 00:01:36.777123,1.1063345797632074,3.263895048855095,0.025411019851311188,4.4371214607573926,49.14923261550093,39.82717858841554,14,6,2,6,0.959302055729122,19,12,0.0034470541904812976,1.9498510376767924,2.3487516708992486,2.5260935406434655,1.2055269226561172,20.21718015923945,79.3035617028234,0.91740856365766,3.893080319730875,-0.7962532426917192,0.06721010678245638,COMPLETE
101,339.88836120544704,2026-04-18 00:18:41.650466,2026-04-18 00:20:23.134078,0 days 00:01:41.483612,1.5445258519503207,3.122962419095544,0.02756096675415132,4.89574351350775,48.63084457389402,39.366297659626746,14,6,3,7,0.9907713521801434,19,12,0.0033485462213570043,1.7467821829516263,2.277869112932025,2.438974705613582,1.3231299241590102,18.895672841035726,80.831903268123,0.932473878324694,3.7543961345172625,-0.919892624264216,0.05501899184103389,COMPLETE
102,293.0823642796695,2026-04-18 00:20:23.135079,2026-04-18 00:22:04.303874,0 days 00:01:41.168795,0.8133725457834106,2.8828053574031482,0.021775515399441503,4.618501665112339,49.62319869254696,38.840104023152925,14,6,3,7,0.9418192532589952,19,12,0.004137530784885369,1.8252970355993576,2.205151963870398,2.341142561422945,1.1144940720991343,21.5649445179467,81.44620304820863,0.9689878124980241,3.8295073095262055,-0.8637419718140652,0.056675968088270585,COMPLETE
103,323.0723966857085,2026-04-18 00:22:04.304870,2026-04-18 00:23:54.108289,0 days 00:01:49.803419,2.096064541589961,3.5660643000822896,0.029001583346138463,4.908490328929981,48.03725875413677,38.20462670324905,14,6,3,7,0.9981376993250133,20,12,0.005422296633378338,1.8730863875740038,2.1369481488233255,2.5812274205883132,1.062843418355907,19.4633199844842,78.25393927400049,0.987173654779479,3.929314877218463,-0.7274935907146107,0.06134823111060293,COMPLETE
104,398.3703814161793,2026-04-18 00:23:54.109290,2026-04-18 00:25:34.664533,0 days 00:01:40.555243,1.206532254608345,3.214924445222082,0.025607528135914225,4.761462821507572,49.35574742854003,39.605511266069215,14,6,3,6,0.9548539951534634,19,12,0.0038771033221952126,1.9203341990085225,2.244066114483924,2.4911018070942146,1.2043411049986443,17.16896383968155,83.19677231401036,0.8869355170991691,3.572309113647226,-0.9399721430603326,0.07077191466126342,COMPLETE
105,345.7320792559321,2026-04-18 00:25:34.666533,2026-04-18 00:27:14.557495,0 days 00:01:39.890962,1.207203439044317,2.964169099264656,0.025143260178956107,4.770858661337331,51.19290836140729,40.07721984375398,14,6,3,6,0.9260823471260008,19,12,0.003914822672992993,1.9186874210122526,2.0933867638331085,2.500943307878457,1.2134108175680223,17.309858808725338,83.39614748585562,0.8884117491944442,3.5896301900059457,-0.8239587310338273,0.06984211600173847,COMPLETE
106,0.0,2026-04-18 00:27:14.558494,2026-04-18 00:27:14.602154,0 days 00:00:00.043660,0.9576871482301388,3.8631341154734145,0.02409553383863953,4.531966645787869,49.4487343576213,49.827719299378906,14,6,3,5,0.897124842199506,19,12,0.017140544238066154,1.9551417709070609,2.255537373527699,2.3992431276005037,1.3809016117240003,18.055375737452174,83.89361164853436,0.8990384638247506,3.6804124014279562,0.3896864100750046,0.18768254568582643,COMPLETE
107,368.07261551410585,2026-04-18 00:27:14.604007,2026-04-18 00:28:55.926076,0 days 00:01:41.322069,1.3718142296597042,3.6916234204557425,0.02614112059645899,4.621894277156979,50.06293710118152,39.629128316042895,14,6,3,6,0.9613582239641905,19,12,0.00335980767420137,1.8202493755975555,2.187281169586582,2.2426686683221666,1.2617395452274922,16.796826917526538,83.02913416362013,0.9553626195886507,3.7316641750844517,-0.7588937117718288,0.07385934466836121,COMPLETE
108,332.8711441938806,2026-04-18 00:28:55.927075,2026-04-18 00:30:34.497256,0 days 00:01:38.570181,1.493557074185167,3.2191858915488996,0.02016438556261922,4.47084010230459,50.48330319114503,38.86277950452261,14,6,3,5,0.9772573003895102,19,12,0.005151567823881846,1.7587953122310105,2.2294704450380047,2.4500314090802577,1.176619170450237,18.70411172137546,82.81714804475575,0.9141984794662552,3.5651605652565546,-0.5295640270785806,0.06486891205703417,COMPLETE
109,353.02850394221633,2026-04-18 00:30:34.498255,2026-04-18 00:32:14.882663,0 days 00:01:40.384408,0.5108531086727366,2.011008559034202,0.027773142666039953,4.77315224532774,49.18398949775872,40.56178331194331,14,6,3,6,0.8719411914302224,19,11,0.0030101217034189695,1.9152904451437776,2.157727051657746,2.190229416119762,1.1340080501960959,20.55671196611386,84.44036297500517,0.928251537585152,3.926809260992557,-0.8796274447138659,0.05280902535546685,COMPLETE
110,245.68399083332145,2026-04-18 00:32:14.883663,2026-04-18 00:33:55.192168,0 days 00:01:40.308505,1.0632822545734018,3.526971363137347,0.021422808679514873,4.9116014056176525,48.901927836317,38.69900014580928,14,6,3,6,0.9553002203162326,19,12,0.003900811426999149,1.6789590010049753,2.0704469121002744,2.501123772068718,1.2878199486662447,20.874679853735508,79.76120908621658,0.9695056231036308,1.2755195969513313,-0.6343080113794177,0.05879978939748867,COMPLETE
111,353.046539957575,2026-04-18 00:33:55.194122,2026-04-18 00:35:45.681531,0 days 00:01:50.487409,1.964165263318884,3.1179883523859697,0.023222690025122627,4.818371152932164,48.30170691445494,39.22333327504844,14,6,3,7,0.9109680463501626,20,12,0.004575587992162551,1.9673061085025405,2.3060065604315905,2.3807602407269113,1.203794561818187,21.868803704488542,81.38798959816613,0.9996213896977848,3.8248605145636443,-0.9443812413883717,0.05521533373738773,COMPLETE
112,0.0,2026-04-18 00:35:45.684527,2026-04-18 00:35:45.758573,0 days 00:00:00.074046,1.824825376722147,2.8188155353837545,0.031922671150722726,4.9029660136833755,48.61313723853001,38.285582457913215,14,6,3,7,0.9888147294763429,20,12,0.004304206191272243,1.871436822175403,2.3672636431284007,2.326091222967627,1.2493218316097985,18.37540272082962,80.86821907785055,0.9436082033722646,3.7890846594784757,-0.976202987923217,0.06008203143166264,COMPLETE
113,402.1513627784749,2026-04-18 00:35:45.759575,2026-04-18 00:37:34.338711,0 days 00:01:48.579136,1.2122993841513467,3.366268015132276,0.028468798510869094,4.658603251331531,49.62778563560613,39.51728251715056,14,6,3,7,0.9726490071232431,20,12,0.0035207994522680293,1.995370715993546,2.282662000990021,2.4199654780461928,1.1552218565490673,23.876260292261573,82.11621963478186,0.5728536877123367,3.626174596013163,-0.9251516208165376,0.05227836242227932,COMPLETE
114,395.32044736124124,2026-04-18 00:37:34.339703,2026-04-18 00:39:23.312099,0 days 00:01:48.972396,0.910977757687405,6.785915597857118,0.02877443972781447,4.656252973553211,49.65666025972471,40.19175486583752,14,6,3,7,0.9420538669207205,20,12,0.003537486131881499,1.9159198086994365,2.2746324057863347,2.4188140077860054,1.067970866680606,17.935430162820044,82.09392319629856,0.9591487501929667,3.6145054379217205,-0.9037980943921042,0.06379160076128317,COMPLETE
115,429.19941769468574,2026-04-18 00:39:23.313100,2026-04-18 00:41:06.075128,0 days 00:01:42.762028,0.913510090017905,6.435238155530166,0.025291695988778343,4.365557878555058,49.56376040861851,40.19840514106774,14,6,3,7,0.9416448600885563,19,12,0.0034502050791699232,1.8631179465326164,2.256062912809219,2.419000017276951,1.0565173243534953,17.78267446342855,82.25279810887771,0.6349747236581723,3.6421778014896264,-0.8278902190533703,0.06383815258508395,COMPLETE
116,328.96307071242705,2026-04-18 00:41:06.076127,2026-04-18 00:42:47.953897,0 days 00:01:41.877770,1.193678611275851,7.534021540930755,0.025389855055292232,4.334715419031686,48.96997970903606,39.52099398261357,14,6,3,7,0.9693202264367284,19,12,0.004825987640291068,1.841970024915362,2.33333733999107,2.576695312418711,1.1215052548623,24.082803806271567,80.4420719967684,0.5446666112506509,2.3329577989642853,-0.8479939600903749,0.05016810375204897,COMPLETE
117,396.94688765326646,2026-04-18 00:42:47.954874,2026-04-18 00:44:30.907539,0 days 00:01:42.952665,0.6428424490345552,6.74285241741463,0.023847362915037838,4.452197812422095,49.4060421331745,40.971913514495895,14,6,3,6,0.9486288708454469,19,12,0.003341068929088636,1.791553299504973,2.2152987400813138,2.274741200229579,1.031021885240151,17.092279065895426,83.25870285016964,0.613242468771281,3.995896538491713,-0.6839552771375931,0.06852319330080707,COMPLETE
118,0.0,2026-04-18 00:44:30.909540,2026-04-18 00:44:30.975457,0 days 00:00:00.065917,0.595934520583468,6.696130221918643,0.023048891899779538,4.196429048300056,49.29041162537341,41.18702150546953,13,6,3,6,0.9449487328145554,19,12,0.003316855013890271,1.8084525902965878,2.3894604020621113,2.259332870077078,1.156782904745908,17.091135965298534,83.20890120677599,0.612658860638408,1.9637334112942189,-0.6812382952963784,0.07128419192108333,COMPLETE
119,0.0,2026-04-18 00:44:30.975963,2026-04-18 00:44:31.025487,0 days 00:00:00.049524,0.8271589374391562,2.5885423649519184,0.024668252308999848,4.501553533035932,50.26369005091084,39.0563051945733,14,6,3,6,0.9800022125241412,19,12,0.0037177012353413535,1.0921106673741032,2.2545512886089005,2.1080396451031262,0.9746751174778765,17.625496118791173,83.87715041081672,0.5701801578792962,3.708311090655414,-0.6061154203246527,0.07799821202419618,COMPLETE
120,0.0,2026-04-18 00:44:31.026578,2026-04-18 00:44:31.076002,0 days 00:00:00.049424,0.6647792966970887,6.309738511057419,0.026784700908408447,3.937822076685017,49.59237612294045,39.54085162442417,14,6,3,5,0.9683908288410146,19,12,0.005585333219588891,1.7718155155738289,2.2341780866253957,2.182207364196522,1.0100584462358968,19.397089204836973,82.49755144526951,0.6276994335580164,3.653223373940502,-0.7622030998574718,0.06684089854706188,COMPLETE
121,389.42785340987257,2026-04-18 00:44:31.077001,2026-04-18 00:46:12.719575,0 days 00:01:41.642574,1.0058112708858022,6.994446660238362,0.022583418406142197,4.766583316555204,49.269341783977744,39.83206083727507,14,6,3,6,0.9517466181010511,19,12,0.00409613629036952,1.8718753705745872,2.1262169679055427,2.3748837838425056,1.0422474751387902,19.792160655350862,85.18154697643668,0.6439043053250887,3.882748875662983,-0.8021767413870935,0.06392688528645511,COMPLETE
122,338.3350051721754,2026-04-18 00:46:12.721548,2026-04-18 00:47:55.033840,0 days 00:01:42.312292,0.791243735444181,7.264127578495175,0.023909146615975072,4.607739591589164,48.83507524677061,40.202961297610976,14,6,3,7,0.9344658279801609,19,12,0.003318503227953602,1.9957974403788885,2.1954324964176966,2.4200742757100113,1.0833804004794054,20.140529271955142,82.66266703245772,0.5892585956019623,3.9890072941024304,-0.8698255617773897,0.16384057565758328,COMPLETE
123,389.9839280580817,2026-04-18 00:47:55.035793,2026-04-18 00:49:33.059858,0 days 00:01:38.024065,1.262229956524222,3.269746716532498,0.027797379043905533,4.459577778382799,50.466807799957586,39.78672486607625,14,6,3,7,0.9562435573218295,19,12,0.003616023597311273,1.918731054367662,2.2086698886433,2.2747001351037817,0.9525329071991884,22.40637279886516,82.24656005648878,0.598129699077124,3.9032601400871587,-0.7093782727745769,0.059724597726807396,COMPLETE
124,0.0,2026-04-18 00:49:33.061815,2026-04-18 00:49:33.105329,0 days 00:00:00.043514,0.9284173859815428,6.227749016169482,0.021241915019851582,4.689316332812224,49.760806297954666,40.951754755230226,14,6,3,6,0.9092253156317531,19,12,0.0039930689073596455,1.8605240826648082,2.277893663316574,1.6910916616918932,1.2298346403322038,24.752282913686013,81.67789775186013,0.573429169246067,3.9474429120323076,-0.9970728569643798,0.05375247913581663,COMPLETE
125,296.17239126386005,2026-04-18 00:49:33.400136,2026-04-18 00:51:20.646536,0 days 00:01:47.246400,1.1553375715328222,6.939352281227352,0.025955795358454506,4.9939561456106025,48.22839669734504,40.53282188184833,14,6,3,7,0.9261590986446917,19,12,0.0046834670059381555,1.9560919698344241,2.330673005074109,2.4720076868562604,1.1803521470290868,16.288724845132844,84.1731352464331,0.5744575149355969,3.994074367913714,-0.8214470198754119,0.06779226230592256,COMPLETE
126,308.48738178224363,2026-04-18 00:51:20.647493,2026-04-18 00:53:03.086107,0 days 00:01:42.438614,1.4289707386802584,2.9681318887381907,0.028920378719953864,4.5448952168556955,50.1493779435531,38.958740521977354,14,6,3,7,0.9741298747770863,19,12,0.0031412303347168407,1.8248296302013687,2.1788504155086454,2.5002368192012527,1.096532736233128,17.361274300260334,83.3261728149612,0.6215431809995664,3.855356038522709,-0.9264612693687941,0.05689003767781438,COMPLETE
127,203.55675190551324,2026-04-18 00:53:03.088108,2026-04-18 00:54:44.696629,0 days 00:01:41.608521,0.7037677406064476,6.056586286343333,0.03173451252807217,4.403064050074578,49.515518421907935,39.38644404500578,14,6,3,6,0.8912790633678749,19,12,0.004256898735403039,1.7362068398748802,1.5555480925969678,2.5524540755878515,1.1936252204013145,19.051232025025325,81.21605258461535,0.5399487054617358,3.7568878757792343,-0.6590003277938006,0.062394870116541254,COMPLETE
128,269.98226799497496,2026-04-18 00:54:44.697605,2026-04-18 00:56:24.849034,0 days 00:01:40.151429,1.3136231511368135,6.521042559631618,0.02730871744803256,4.760838284732249,49.03591872776438,38.02487249819552,14,6,3,7,0.9467921718703187,20,12,0.0030270071968093327,0.993180940528243,2.110387107726254,2.369237904089633,1.0286653327736388,17.921680399274447,82.97926986368617,0.5154298635442981,3.548830290320256,-0.7456605543257583,0.052670223634689504,COMPLETE
129,264.3308408586809,2026-04-18 00:56:24.849990,2026-04-18 00:58:01.643715,0 days 00:01:36.793725,1.0344536557110788,3.369964518168338,0.02486020947186412,3.1695928615586455,48.740594742700566,40.03537730970544,14,6,3,7,0.9864678914960342,19,12,0.0036221386903553423,1.8813007712909933,2.2282145969072222,2.3060904798319046,1.1424711502577831,16.878931348429997,83.73928090024404,0.6785508891011404,3.6244452014009862,-0.5746072486512517,0.05949245195640385,COMPLETE
130,372.00292426463966,2026-04-18 00:58:01.644711,2026-04-18 00:59:35.810586,0 days 00:01:34.165875,1.5148237620570217,2.7181357069847927,0.03366982430034447,4.865095516488391,49.827932205371695,38.699279022043555,14,6,2,6,0.9557735498861504,19,12,0.004910387315359829,1.9174114524439554,2.4433799466045434,2.4509661420641455,1.233846020520994,18.592404513329473,82.34684854564622,0.5626675424118235,3.8124347436800963,-0.8879357017122883,0.07208221920351282,COMPLETE
131,419.97479393551583,2026-04-18 00:59:35.811599,2026-04-18 01:01:19.044516,0 days 00:01:43.232917,0.9068294341380893,6.597609297826157,0.028913305989356524,4.674871978623767,49.56273456098084,40.29007834359061,14,6,3,7,0.9435632530551826,20,12,0.0034913886220455615,1.9112166230076382,2.272712901856793,2.423276497700385,0.9973719602847992,17.637076476721685,81.92234428504118,0.9806231120667722,3.5886215096733944,-0.9578315414312852,0.06360578572886187,COMPLETE
132,379.4838826795869,2026-04-18 01:01:19.046537,2026-04-18 01:03:02.169655,0 days 00:01:43.123118,0.8783506874546312,6.466788704770403,0.02613615258085684,4.62885921272411,49.37914862817674,39.28203027629501,14,6,3,7,0.9640988704199727,20,12,0.0038670048539442003,1.9997487502675892,2.293193324200531,2.5356504399902224,0.895447178191616,17.511947024458802,81.75686627566787,0.976017982484661,3.694423714196401,-0.9655740611860738,0.06611664032377983,COMPLETE
133,155.57338142636172,2026-04-18 01:03:02.170638,2026-04-18 01:04:42.434135,0 days 00:01:40.263497,1.696408514016877,7.188622406990427,0.029270339005569464,0.8114998747532083,48.48725007813798,40.423810660256905,14,6,3,7,0.9332731413597939,20,12,0.0033936460750375254,1.9559296957116545,2.250140378804749,2.3986912427143254,0.9903768218121483,19.33210388841392,82.10477810046005,0.9851910758493225,3.727108942452538,-0.839613884101887,0.05000862978675405,COMPLETE
134,272.9314195895686,2026-04-18 01:04:42.435143,2026-04-18 01:06:25.029512,0 days 00:01:42.594369,0.7613595359816521,3.032869290562444,0.02367225718473483,4.792884040090011,49.220899717766784,39.70426815074077,14,6,3,7,0.9812212356585222,20,12,0.004410420528269279,1.7927881869565168,2.1877958258474974,2.4172840353102956,1.2174156127141231,18.837396227541536,81.40029991043653,0.6099226387417797,3.5699153969537774,-0.9342384456012436,0.05562291234584333,COMPLETE
135,491.1285455891849,2026-04-18 01:06:25.030514,2026-04-18 01:08:08.825750,0 days 00:01:43.795236,1.0791898224791139,6.808604897339564,0.030905352179370016,4.995372752059791,57.47153845416523,40.72148806110507,14,6,3,7,0.916447071441615,20,12,0.0037050522016499362,1.9048386309834162,2.373482870784392,2.60502221708483,0.93622388062501,19.665921979759425,82.5269279721048,0.9518414299395969,3.4242466597872587,-0.7986579830628074,0.07501033296379336,COMPLETE
136,487.20418688079474,2026-04-18 01:08:08.826762,2026-04-18 01:09:53.177498,0 days 00:01:44.350736,1.080861866332322,6.876282562488632,0.03148477783905396,4.693432609220402,57.50226501109494,40.84656066064228,14,6,3,7,0.9443293421736468,20,12,0.0036439087094758,1.8545045440064964,2.3524291792596803,2.6111319180102885,1.0240431602097673,18.257523892816742,82.63442441079161,0.9618527355372921,3.635392420425157,-0.7857076691181293,0.07495978984341012,COMPLETE
137,478.3610522179007,2026-04-18 01:09:53.179456,2026-04-18 01:11:35.749258,0 days 00:01:42.569802,1.0773849122426955,6.909573889938186,0.03681477326703337,4.370915805988152,57.84012045371864,40.70590772148177,14,6,3,6,0.9468621404089614,20,12,0.00365709339500542,1.863665017518462,2.3831957139806916,2.6967288214594425,1.0312451899414172,16.52379453024986,82.5614519871471,0.9685387690678859,3.644519056403268,-0.7837953221192989,0.07501878719311772,COMPLETE
138,155.0728400764494,2026-04-18 01:11:35.751128,2026-04-18 01:13:16.349131,0 days 00:01:40.598003,1.0869511139301777,7.039822132994558,0.03648241059011762,1.7229948462198905,57.831730312931406,41.25862080217805,14,6,3,7,0.9710347903049149,20,12,0.003844850427675444,1.8458841154676568,2.4948681491844518,2.6927918283047263,0.9961274907596176,16.098669122824848,82.4234226211577,0.9696057181460515,3.434984262375107,-0.7751546279527902,0.07630517582851772,COMPLETE
139,500.82223509989666,2026-04-18 01:13:16.350131,2026-04-18 01:14:56.271983,0 days 00:01:39.921852,1.1781851524775697,6.875695573394774,0.0326785081931896,4.7128593747544345,58.560270988664705,40.75095530431769,14,6,3,7,0.9119086480684153,20,12,0.003730133806787753,1.9008807661469094,2.409144904913452,2.622530982336652,0.9340663704527561,18.210028059661436,82.66387137124778,0.9910804736599198,3.612114862415407,-0.8022930100736606,0.0820261249498042,COMPLETE
140,309.9905283042082,2026-04-18 01:14:56.272983,2026-04-18 01:16:39.969589,0 days 00:01:43.696606,1.3152341311771885,6.821927824804793,0.03265336579995412,4.896515399628691,58.75998358629341,41.41094678362491,14,6,3,7,0.9199168687480626,20,12,0.0051348211812752,1.691381428571847,2.412846912641882,2.7069893964553784,1.0655400982086332,18.178331760383983,82.64517415533884,0.9907131911464536,3.4257265103506453,-0.7976576225772066,0.08018170438412049,COMPLETE
141,372.4253107803418,2026-04-18 01:16:39.971546,2026-04-18 01:18:19.275759,0 days 00:01:39.304213,1.2472534181298318,6.613028654573072,0.030874023028901427,4.709963225300897,57.53665538633157,40.93276805719153,14,6,3,7,0.9108370803343449,20,12,0.012199596822240068,1.901606931325419,2.3723240828671357,2.6415045308121443,0.9311178087250416,17.735323744303383,81.82018828404588,0.9755002624393003,3.6157297100397505,-0.8770929455426418,0.07322603953268364,COMPLETE
142,513.4840054382746,2026-04-18 01:18:19.276788,2026-04-18 01:19:41.166107,0 days 00:01:21.889319,1.1209588219681998,7.251627110608782,0.031220021274356448,4.549922094699781,58.186146608865684,40.638336593862896,14,9,3,7,0.9431103694986004,20,12,0.0036333752910341285,1.926096962153216,2.467469765726255,2.624359123217586,0.9299503335238204,16.54938569840218,81.97346742377114,0.9994076100794272,3.5367861929964053,-0.8372730909409478,0.0746062714191178,COMPLETE
143,534.4326109020428,2026-04-18 01:19:41.167107,2026-04-18 01:21:00.659574,0 days 00:01:19.492467,1.1275278568408338,7.077041023492683,0.03152467986905269,4.552492916192038,58.45061440283194,40.57110017541229,14,9,3,7,0.9418806669431226,20,12,0.003573946206067131,1.9641835146347673,2.4689370903009302,2.60746375939285,0.9414438320276317,19.633297193403017,82.05874452574288,0.9818938045011223,3.5240560074175127,-0.833689487279492,0.07593929439870498,COMPLETE
144,455.978863410343,2026-04-18 01:21:00.660573,2026-04-18 01:22:23.304054,0 days 00:01:22.643481,0.9765305641011981,7.798969002862859,0.033783846041429956,4.332670868784093,58.316512168587685,40.802501561196316,14,9,3,7,0.9181769700324354,20,12,0.0036199597882568242,1.8390971987976215,2.462943325457291,2.6134745344073247,0.931884631377266,18.39440440872971,82.03271625706823,0.9988858746383977,3.4878500030761477,-0.8301762517733614,0.08370410009346373,COMPLETE
145,428.1594210128331,2026-04-18 01:22:23.306007,2026-04-18 01:23:46.479336,0 days 00:01:23.173329,0.9979121161122178,7.249029748293091,0.03389091079789392,4.272744880770736,58.16173129626208,40.7365320022482,14,9,3,7,0.9022568992208962,20,12,0.00350777986316531,1.8414874549902964,2.4659187890092764,2.5952373599550365,0.9341775128061167,16.62845531326252,82.09242439954345,0.9961280904140135,3.4984618653206034,-0.7929680257356252,0.08057444872537053,COMPLETE
146,305.55035892342977,2026-04-18 01:23:46.480428,2026-04-18 01:25:07.675172,0 days 00:01:21.194744,0.9851717576163801,7.926300016885881,0.03768161172768282,4.0038819447896286,58.18031293425445,40.810403773916136,14,9,3,7,0.8786278663839927,20,12,0.0044327954849589304,0.10431445679256313,2.461164462539535,2.608341022060008,0.9217014777902203,16.616893030221124,81.49643944214607,0.9874006771431426,3.298577183477061,-0.7135754594543647,0.08414802188781623,COMPLETE
147,495.9511956797213,2026-04-18 01:25:07.676176,2026-04-18 01:26:27.528290,0 days 00:01:19.852114,1.1102342977317348,7.284059347023449,0.03421570607873518,4.239750425635707,57.013053004034596,41.52377601294299,14,9,3,7,0.8995410018320164,20,12,0.0033761765662265286,1.8306064837544238,2.4969531771257185,2.645477803275259,0.9546275768146235,18.421548248657214,82.68479376453402,0.9996806360355581,3.4930793350357963,-0.7913614830774489,0.07922100812501756,COMPLETE
148,383.96129985296636,2026-04-18 01:26:27.530253,2026-04-18 01:27:49.162660,0 days 00:01:21.632407,1.1176156964528359,7.325392690937767,0.03364744385340264,4.163321771876548,56.99551248062503,41.538466121108776,14,9,3,7,0.895343422299305,20,12,0.0046828316356221835,1.7235419848487594,2.4670923218941585,2.65607260905056,0.875307560700055,18.40279888457445,82.59557272473548,0.9983961691885529,3.468533758241235,-0.7900462840908501,0.08057853743205558,COMPLETE
149,426.9376558256502,2026-04-18 01:27:49.164661,2026-04-18 01:29:09.988141,0 days 00:01:20.823480,1.0384146444805846,7.734133208951958,0.03467534392805142,4.333619140473534,58.374620710005196,40.7382322689213,14,9,3,7,0.9114718444034196,20,12,0.0035059561174116223,1.826186521800215,2.4971561307406085,2.6975365532897415,0.9515775083940945,18.037668362179655,81.9265889202,0.9977247545723805,3.3666041901897334,-0.820162419892215,0.07632242176614511,COMPLETE
150,349.13157031461986,2026-04-18 01:29:09.989146,2026-04-18 01:30:29.177134,0 days 00:01:19.187988,1.0296232197525672,7.851327495490311,0.038378743932831964,4.256379197890321,58.36448116565811,40.647045054531105,14,9,3,7,0.8643901829192329,20,12,0.004146743093950042,0.8399845499597278,2.4246415730277793,2.714928810445112,0.9482355137346872,17.906090478009347,82.015997457953,0.9811630793504493,3.3593576687117186,-0.8145381646216826,0.08656884225766774,COMPLETE
151,450.20530877771864,2026-04-18 01:30:29.178156,2026-04-18 01:31:51.900682,0 days 00:01:22.722526,1.0950925043504158,7.732493760569191,0.034439901909539605,4.347353089000563,59.18654515256304,41.201952800097466,14,9,3,7,0.9070346806874287,20,12,0.003526751981333151,1.8227058314836078,2.4865158962219693,2.7904039028325736,0.967300378208727,17.44830014205302,81.62059618739256,0.9961874317241256,3.538010105226303,-0.8388100234175832,0.07733495612683014,COMPLETE
152,467.91263560771426,2026-04-18 01:31:51.901678,2026-04-18 01:33:14.668522,0 days 00:01:22.766844,0.98439951040657,7.710885005324287,0.033669065174821024,4.0635904968246095,59.187832738585826,41.21010918879189,14,9,3,7,0.9060922307552989,20,12,0.003751324598489758,1.853042611936528,2.496164265889536,2.82769154811674,0.9628091779730432,17.412571368558492,82.77993260317561,0.9979276430399551,3.515580983419006,-0.8339656242344465,0.07594953568330036,COMPLETE
153,443.73054815311025,2026-04-18 01:33:14.669519,2026-04-18 01:34:37.230975,0 days 00:01:22.561456,1.073301504931611,7.7540233264404295,0.039898596513655904,4.069172034073056,59.27139933979068,42.12456447236548,14,9,3,7,0.9035316042227569,20,12,0.003808362261299152,1.8309821000015094,2.4924790962495575,2.8091059838683923,0.923987525046792,16.495662282795557,82.74697727872221,0.9995781359047606,3.499182537763306,-0.8404960555009261,0.07633178220823288,COMPLETE
154,448.28957672547557,2026-04-18 01:34:37.231975,2026-04-18 01:36:01.328832,0 days 00:01:24.096857,0.8175585489106428,7.4069419724758765,0.03650473692933728,4.087646375346793,59.52169090590306,41.152276544615944,14,9,3,7,0.9061271505790446,20,12,0.0038726364104817042,1.7755273760511812,2.4522172366889867,2.7999043832054764,0.9699421104115371,16.50786405034679,82.80192091536561,0.9975866814752878,3.5197598595985986,-0.7774983657029154,0.08211146728336682,COMPLETE
155,403.1034741603622,2026-04-18 01:36:01.330789,2026-04-18 01:37:24.011679,0 days 00:01:22.680890,1.1264328944050108,7.446723807739865,0.03655274912717879,3.78375575323294,59.448868018295705,41.1242633201049,14,9,3,7,0.8810285032808326,20,12,0.004075093548524042,1.7586806481350528,2.4315445184031192,2.8272282151777763,0.9746017112918327,16.062898078791058,82.68873350723852,0.9640037464958571,3.4171594156148357,-0.8509834345605951,0.08275639735918949,COMPLETE
156,548.8234073498073,2026-04-18 01:37:24.012680,2026-04-18 01:38:45.636927,0 days 00:01:21.624247,0.7986172384459864,7.727672120009173,0.03961125633340991,4.0744078090680835,59.9322301567809,41.314279835397514,14,9,3,7,0.9217233781417107,20,12,0.004466354644857824,1.872543658492292,2.3978284882656817,2.783678410878112,0.8523903970470155,15.736643411307485,82.93437058859519,0.989348998043171,3.250285572879495,-0.771123817118842,0.07489812272210344,COMPLETE
157,386.9124636651924,2026-04-18 01:38:45.639502,2026-04-18 01:40:05.618415,0 days 00:01:19.978913,0.7897310742569397,7.628277679597231,0.04014965203239245,3.6800064853822994,60.519012391201606,42.078701879647134,14,9,3,7,0.8917550118542017,20,12,0.00448455111385467,1.7869876915989271,2.3960952262045603,2.75188744786942,0.8714789725963318,15.945370524458802,82.91109349525586,0.9993863124818774,3.536834782324347,-0.682558485220611,0.07509226923356804,COMPLETE
158,467.1185804461998,2026-04-18 01:40:05.620397,2026-04-18 01:41:25.959055,0 days 00:01:20.338658,1.1282971737103789,7.759761407924209,0.03961564063578386,4.111179769785492,59.143523768791184,41.429840256561846,14,9,3,7,0.9249638846796002,20,12,0.003811631208931185,1.8872630920224847,2.498050053189561,2.778022951257843,0.8355597102802603,16.399539763429146,82.69627731068252,0.9873065333523818,3.2007427410502185,-0.7734660910997494,0.07868709411952136,COMPLETE
159,486.09358111851617,2026-04-18 01:41:25.961011,2026-04-18 01:42:49.160783,0 days 00:01:23.199772,1.14495713253029,7.985536975743695,0.04297004773343734,3.8730680105685513,59.06493703667813,41.45953042635386,14,9,3,7,0.9044541050404421,20,12,0.0043168664700419515,1.877136638456749,2.4893950660391564,2.8039934155174806,0.9034406482668806,16.408376532141727,82.7602349449364,0.9860029237232083,3.2373094464321897,-0.7627170718312755,0.08571113502786276,COMPLETE
160,451.74260665655936,2026-04-18 01:42:49.161785,2026-04-18 01:44:09.217241,0 days 00:01:20.055456,1.1613581070532122,7.119722823479831,0.04114302646822291,3.8762648435206097,59.86858912785662,41.41144903787737,14,9,3,7,0.9172717270354396,20,12,0.004976668433111376,1.8816106783056858,2.4455637538801898,2.789328833187855,0.8431441297132867,15.849245626293234,83.53594216328443,0.9855476510974339,3.244266759284108,-0.7607155718088942,0.08558812273563446,COMPLETE
161,276.9016615371161,2026-04-18 01:44:09.219261,2026-04-18 01:45:28.824736,0 days 00:01:19.605475,1.1905182200515698,7.9822532071169,0.04315644291709774,3.9114126808631986,58.851951514509864,41.548435484066886,14,9,3,7,0.9183716974853137,20,12,0.004223730601633728,0.45832954390686276,2.44969249639339,2.7908121828497543,0.8442967122348053,14.948475044573101,83.46999751534557,0.9867921694629648,3.198140175627484,-0.7609113132454212,0.09045710788509799,COMPLETE
162,408.5564151531504,2026-04-18 01:45:28.826737,2026-04-18 01:46:50.361600,0 days 00:01:21.534863,1.3820938652284003,7.119800815961495,0.0389805043800447,3.851300392903423,59.77762681837573,41.37499790359693,14,9,3,7,0.9254323682999545,20,12,0.01924370049562174,1.8808261717941195,2.4075204305740505,2.842318355685913,0.9005980137232563,15.549651448776686,83.32716713506727,0.9769251087203747,3.22911999119256,-0.7785345037284157,0.08552066458947906,COMPLETE
163,468.4267141870792,2026-04-18 01:46:50.363560,2026-04-18 01:48:12.482285,0 days 00:01:22.118725,1.1434863679322844,7.437731656809056,0.04397866390569216,3.5682926433313926,57.31355807513802,41.12288595871634,14,9,3,7,0.8890069377615845,20,12,0.004827314161100405,1.8862704972461155,2.4594773177277633,2.7352773924273004,0.8175186435732266,16.296556581613892,82.92141627552591,0.964909446906551,3.1556779131407464,-0.7134523911610207,0.07864277968205138,COMPLETE
164,361.01880785622234,2026-04-18 01:48:12.483242,2026-04-18 01:49:30.628802,0 days 00:01:18.145560,1.1463039461582203,7.7571379024825795,0.04393959218112196,3.5987572591722827,57.46382343563081,41.91812868328625,14,9,3,7,0.8873768468734253,20,12,0.0047015461846930465,1.8837101714590907,2.4972560476924897,2.7286249593666856,0.8206045302513594,15.974957536187285,82.45507450917377,0.965883531193294,3.132956861096018,-0.7133846615633918,0.07878527422356674,COMPLETE
165,410.3493106396025,2026-04-18 01:49:30.629803,2026-04-18 01:50:53.912650,0 days 00:01:23.282847,0.9581847923506538,7.565741809999332,0.04113472298486726,3.997852941393218,56.64579639725182,41.323012347653,14,9,3,7,0.9204577614405073,20,12,0.004970550523427009,1.9336765820868127,2.3848907969781337,2.677864338551162,0.7882813719411498,15.686124876669178,82.93892137839026,0.9844992317318476,3.2756089664327934,-0.6392058120734698,0.08955870434485827,COMPLETE
166,449.3195841052159,2026-04-18 01:50:53.913647,2026-04-18 01:52:18.042987,0 days 00:01:24.129340,1.0949871574796166,7.670735290023036,0.04283268063784466,4.184750211787725,57.83947894724949,41.564703437728056,14,9,3,7,0.8583342846187916,20,12,0.005663020243368582,1.853363112092711,2.43059764460887,2.7568712128471837,0.8457889298711807,17.033495428460366,83.88365853651585,0.9719753162285217,3.260659022018331,-0.7320139905420052,0.07855245821921895,COMPLETE
167,458.6569593813735,2026-04-18 01:52:18.043983,2026-04-18 01:53:40.510815,0 days 00:01:22.466832,1.2935843560587386,7.352583806444593,0.04421070887081805,4.099953816190115,59.97009593915147,42.445739654889344,14,9,3,7,0.8958300887321451,20,12,0.004425715107071101,1.9064297341074656,2.4689360513826824,2.648995091954547,0.9092616558268469,16.81363240514054,82.41440768112652,0.9614754857944325,3.1235807818373664,-0.6806400566936129,0.07451431459907139,COMPLETE
168,475.1262683652472,2026-04-18 01:53:40.511772,2026-04-18 01:55:02.702421,0 days 00:01:22.190649,1.2544557599799555,7.3612659341331295,0.044525522749344126,3.48573001288168,60.21267852086477,42.686069615571085,14,9,3,7,0.9283615666236722,20,12,0.005121855005663901,1.893057512590476,2.3766530701965083,2.618813981989847,0.8942785659394183,16.29895962538743,83.23457368723366,0.962121985212838,3.021877177327466,-0.674478714449004,0.07330640716219845,COMPLETE
169,489.5436216038107,2026-04-18 01:55:02.704376,2026-04-18 01:56:20.900240,0 days 00:01:18.195864,1.3499537112100126,7.358484403796581,0.045507959075659916,3.497970140116377,61.14120145986847,42.6504070189405,14,9,3,7,0.872172146473412,20,12,0.0053003916855696685,1.9218293696967677,2.3467699677783966,2.628075359257567,0.8900496724186263,16.297809149986215,82.32889950722374,0.9646222042812425,3.0660193539833513,-0.6604095586002978,0.07458346920226347,COMPLETE
170,424.9854236859777,2026-04-18 01:56:20.901211,2026-04-18 01:57:42.756179,0 days 00:01:21.854968,1.2660065933433735,7.378346374302661,0.04526404821992476,3.297119646770662,60.905996804143065,42.61679447247124,14,9,3,7,0.8734730270829891,20,12,0.005275804384970833,1.932128631745815,2.36037611240196,2.645206824085944,0.9032945485482923,16.208982435353835,82.4347030294675,0.9567182209352291,2.978417873924968,-0.5873215865827015,0.08069300558266224,COMPLETE
171,340.36521303371404,2026-04-18 01:57:42.757174,2026-04-18 01:59:05.368719,0 days 00:01:22.611545,1.3646526083647026,6.9212751946555615,0.04731787463758377,3.44358365804274,60.32511850465417,42.855361580874316,14,9,3,7,0.8952775459188841,20,12,0.004432486208728589,1.8959386836864036,2.4064167956286533,2.617351172824021,0.8845842938478847,16.768170007865525,83.14505012789768,0.9628295089730502,3.063408771672666,-0.6450601171585768,0.07348249356524347,COMPLETE
172,559.5275664056113,2026-04-18 01:59:05.369729,2026-04-18 02:00:25.739508,0 days 00:01:20.369779,1.2786981828369772,7.500944715874389,0.04872330565374135,3.7313063421667443,58.957202474475324,42.30166383289285,14,9,3,7,0.885594933359653,20,12,0.004247886902129909,1.9350468092853297,2.3547631043921315,2.671037555180524,0.9169685374447446,14.887553397360543,82.53710799193688,0.9464090450226497,3.167952265624457,-0.6854382112534854,0.07511011322494106,COMPLETE
173,444.23888144908113,2026-04-18 02:00:25.740504,2026-04-18 02:01:45.536652,0 days 00:01:19.796148,1.4414773462377726,7.584745738418765,0.04485451808289261,3.548826807281191,61.319779921634385,42.65744504133479,14,9,3,7,0.88684458975705,20,12,0.004638147444651553,1.9589962822854485,2.3556595674976424,2.678614337579974,0.8653632168604659,15.056413882353695,82.81415671397235,0.9459425020031164,3.022428039438388,-0.6804651525905601,0.07469851534387886,COMPLETE
174,437.3669735218585,2026-04-18 02:01:45.538612,2026-04-18 02:03:07.501727,0 days 00:01:21.963115,1.3036715775331296,7.473857476376947,0.049037629304024326,3.7685121889551803,58.92797655664806,43.4374098654847,14,9,3,7,0.932032290786728,20,12,0.004215031948551796,1.9254952105850367,2.3804749737140303,2.738280945869936,0.9181964967392867,14.138790930243609,82.39498465975058,0.9647891793857113,3.1176000814744276,-0.6830042003563371,0.07195184651510468,COMPLETE
175,293.7589886819336,2026-04-18 02:03:07.503725,2026-04-18 02:04:29.478785,0 days 00:01:21.975060,1.1796964030267216,7.128945706690942,0.04252715184088624,3.6729526788661353,57.292415418690375,42.4374235549253,14,9,3,7,0.8444552215677535,20,12,0.005604006891231118,1.9542237407512224,2.4213116944476,2.866001054666366,0.8859503778047423,16.352969657986023,83.16135657242326,0.9514396839360447,3.059817305557383,-0.6309679493600369,0.07446576112898769,COMPLETE
176,345.6474550722491,2026-04-18 02:04:29.479729,2026-04-18 02:05:47.655940,0 days 00:01:18.176211,1.2306543779096137,7.317751498287736,0.044382836911708246,3.531535106204357,58.539440550771594,42.27733534379259,12,9,3,7,0.8809818924430092,20,12,0.005318650132884057,1.9036930307304405,2.3877682488423098,2.6479813264276237,0.9122257541164666,17.00037203470523,82.65374266898746,0.9760609618460004,3.186916372798312,-0.5454807964110575,0.069884748003175,COMPLETE
177,376.2428536889532,2026-04-18 02:05:47.657554,2026-04-18 02:07:08.878544,0 days 00:01:21.220990,1.4057723149982544,7.885152192664914,0.046884046303932427,3.7617634137709612,61.63946008067185,41.888589600140264,14,9,3,7,0.8958451553809457,20,12,0.004851524072054603,1.8635999798491443,2.4663871169883453,2.5831531453279597,0.8004859339358861,14.772467353339911,83.37505929718256,0.9728031834737909,2.8299157082661335,-0.6954386641608291,0.07828248450429671,COMPLETE
178,508.76048200324277,2026-04-18 02:07:08.880501,2026-04-18 02:08:31.811822,0 days 00:01:22.931321,1.3284139616001585,6.880650993095335,0.04790769697743401,2.9331518980058275,59.978793324040616,41.778768638492664,14,9,3,7,0.9296482405131227,20,12,0.00411851586051149,1.9682320902941355,2.3425869914153177,2.6897079711427985,0.8327081751181069,15.573028852238675,82.28444161212724,0.9402774499590554,2.9904275620912246,-0.7275458363505967,0.07461647035778986,COMPLETE
179,266.93585679181746,2026-04-18 02:08:31.812822,2026-04-18 02:09:53.554546,0 days 00:01:21.741724,1.0501621741445104,6.90030939783766,0.05163931882186562,2.6424451374326425,57.669000526031056,41.76503084556359,14,9,3,7,0.9288780507350795,20,12,0.00401932981382732,1.9438306989351324,2.329370862281804,2.711573094925841,0.9539148763860023,15.63840156730337,84.22193374592868,0.9356733910186154,2.8663573914759604,-0.7274911485658516,0.07925914149856242,COMPLETE
180,554.5657640197446,2026-04-18 02:09:53.556096,2026-04-18 02:11:15.391058,0 days 00:01:21.834962,1.185217221649615,7.206695029427187,0.04853467920151491,3.0179861515154833,59.03439662846126,41.98928638710179,14,9,3,7,0.9353527400733741,20,12,0.0040872954024562345,1.963591994045431,2.3319223143859222,2.5615100163182976,0.8292459399777654,16.315748750036995,82.96471577320898,0.9445511741869894,2.9869126068687413,-0.7477943388047767,0.14680649196232984,COMPLETE
181,452.1810095169153,2026-04-18 02:11:15.393060,2026-04-18 02:12:34.465494,0 days 00:01:19.072434,1.184412440499925,7.068139969070424,0.04871917164172331,3.3379445050263925,59.58495859610945,42.097954404050526,14,9,3,7,0.9368020334660512,20,12,0.013702015775171605,1.9999910663752247,2.3481735111115727,2.570845186173795,0.8147839466328636,16.207243047628744,82.98291235030554,0.9450111527028671,2.987464565584368,-0.0643562429712009,0.14626206327978383,COMPLETE
182,482.43299322842626,2026-04-18 02:12:34.467453,2026-04-18 02:13:46.041529,0 days 00:01:11.574076,1.3643772227861113,7.191882534062303,0.047858464236325914,3.228649865074244,58.6467205053775,41.00248952480465,14,9,1,7,0.9110300758361692,20,12,0.004088046545279264,1.963187855112115,2.4105191856094894,2.67800412421798,0.7505024812031352,15.408410134710943,82.29858178944077,0.9801100344036303,2.919163595280276,-0.751137169052293,0.1254189020512958,COMPLETE
183,384.96083796414734,2026-04-18 02:13:46.042538,2026-04-18 02:15:00.476763,0 days 00:01:14.434225,1.373330242017845,7.48464148653304,0.04774716499449051,3.193816268476447,59.096316051993576,40.929280396159406,14,9,1,7,0.9057306241041626,20,12,0.004181255396807047,1.9621754143232544,2.412025389365904,2.668844258096774,0.8284733621662506,15.718853136603148,83.73475308857951,0.982068519075242,2.9072202689387527,-0.7465332290147397,0.1359345135847071,COMPLETE
184,484.0206989091984,2026-04-18 02:15:00.477767,2026-04-18 02:16:22.188347,0 days 00:01:21.710580,1.2507250237673642,7.199931934507487,0.04995073991529406,2.900504142025685,58.65443149344504,41.87740757981481,14,9,2,7,0.9279235572837992,20,12,0.014941640893051847,1.9335280729552258,2.353517572040144,2.6202121901167446,0.8686594898328662,14.179686058027563,82.86956026694656,0.9567713354815449,3.0138031215434293,-0.7661603539839954,0.14284895016102314,COMPLETE
185,439.3494785464056,2026-04-18 02:16:22.190348,2026-04-18 02:17:37.878247,0 days 00:01:15.687899,1.2531135726821372,7.2876858113765195,0.052191524394563316,3.0476488246977644,58.60331381740598,42.850604399609956,14,9,1,7,0.9112643200510778,20,12,0.01454805002177286,1.880412761340519,2.374240277842437,2.6187490048755975,0.7387095411429963,14.149710361343537,82.20138369922596,0.9684407081320195,3.0273910706482767,-0.7982347837807735,0.15208124304188822,COMPLETE
186,289.74191959401213,2026-04-18 02:17:37.880203,2026-04-18 02:18:56.007066,0 days 00:01:18.126863,1.563216351841583,7.224195476150893,0.05080703067772796,2.583578704029766,58.04169903813563,41.75102540399289,14,9,2,7,0.9274566675327117,20,12,0.012246250664285635,1.9256266408164049,2.328583388990737,2.744457660215011,0.8541400733774086,14.72886039299986,82.5867397123001,0.9883500490756141,2.966214721015823,-0.7228693989831978,0.1250856061533388,COMPLETE
187,365.4487525560718,2026-04-18 02:18:56.008151,2026-04-18 02:20:11.127507,0 days 00:01:15.119356,1.333252257037414,6.909388514030763,0.04652738591442456,2.9334668171299767,58.88435413680813,41.03144556229667,14,9,1,7,0.9378927599356209,20,12,0.016917164220990585,1.8756731679322451,2.4299735052496403,2.6826865078174946,0.7520728927937165,15.319850649270485,83.42708857820378,0.9784933324262405,3.072228395649693,-0.6231582150882506,0.14192778354631055,COMPLETE
188,275.33908738642685,2026-04-18 02:20:11.128511,2026-04-18 02:21:27.539305,0 days 00:01:16.410794,1.1419844072019616,7.06228771771543,0.04575961676377566,2.740469918435747,56.74199533782824,40.556989474675326,14,9,1,7,0.9126689750626894,20,12,0.011248707441071428,1.9195512326105577,2.3974648870597672,2.5519573137157057,0.7680388108242453,16.23161683990906,82.85885963941135,0.9584742867489803,2.666340634927722,-0.7683510500408447,0.14495255679900163,COMPLETE
189,545.2587572850185,2026-04-18 02:21:27.540261,2026-04-18 02:22:51.316607,0 days 00:01:23.776346,0.9887230973493193,7.19195104938789,0.05061221802936907,3.0139533854446574,58.543354170469144,41.54714371064819,14,9,2,7,0.9279832071386526,20,12,0.004477506572303341,1.8490046512976779,2.499338969701647,2.6198784344457393,0.8679081317103613,15.429459514972365,82.34363904765897,0.9878232627180271,3.176454120131722,-0.6598212927262842,0.15248197526784354,COMPLETE
190,350.65369875329037,2026-04-18 02:22:51.317219,2026-04-18 02:24:14.096445,0 days 00:01:22.779226,0.9691243183524063,7.192114568553439,0.04927238838108819,3.0121489926094225,58.586591467099524,42.00048169930468,14,9,2,7,0.9460199057198262,20,12,0.009873308800629603,1.8206338324604803,2.340457215125408,2.6245520573921133,0.8645478559591978,14.276063476940813,82.28833369074898,0.9725986763804476,3.140911012777015,0.04207790984002535,0.1516661176424703,COMPLETE
191,375.6813182929645,2026-04-18 02:24:14.097446,2026-04-18 02:25:36.006903,0 days 00:01:21.909457,1.0903833359447561,6.81292620953222,0.05002895395939095,2.899164551981148,59.22122886301624,41.48527900765015,14,9,2,7,0.9270926700662089,20,12,0.015439904366987119,1.8466672596132818,2.4374208412725276,2.707866368482535,0.8323040589084716,15.01487249069218,82.60612384664483,0.9814098168288183,3.2092941970166544,-0.6704946482041216,0.15157840339740725,COMPLETE
192,339.1980080899344,2026-04-18 02:25:36.007908,2026-04-18 02:26:58.076938,0 days 00:01:22.069030,1.222763125324602,7.627449166354899,0.05407583817074721,2.7983645055165733,57.22585072079183,41.12149645996837,14,9,2,7,0.9225003457268771,20,12,0.0047012629117788645,1.8922235373762555,2.4861563124244643,2.655511334206048,0.8939780921938587,15.434627406077233,83.1337392790624,0.9866914306309665,3.1789227325591147,-0.7074229759643986,0.13049729372379565,COMPLETE
193,414.4866352636193,2026-04-18 02:26:58.077938,2026-04-18 02:28:19.897897,0 days 00:01:21.819959,1.0421361599225336,6.997355678893019,0.04908040350133072,3.354883712241445,58.01627443317278,41.66112347499208,14,9,2,7,0.903569138296509,20,12,0.004437720754909315,1.9641904017779046,2.498667023631307,2.593083687015432,0.8758151075563431,15.913301876225644,82.22575649758748,0.9547289028414316,3.08104455107876,-0.5988665569452226,0.14749405997549433,COMPLETE
194,557.9059251439916,2026-04-18 02:28:19.898896,2026-04-18 02:29:32.663902,0 days 00:01:12.765006,1.45660355225,7.434227303516972,0.04758220177668464,3.106116897049383,60.20051089892493,42.24799339356111,14,9,1,7,0.9361205327293117,20,12,0.005134869578851378,1.9262016563845523,2.373275005123753,2.76458405030111,0.9408602717383874,16.512781193209864,82.87958382158429,0.9886948997726638,2.7964256052007723,-0.7910043492016714,0.13969918495990807,COMPLETE
195,571.5944000287719,2026-04-18 02:29:32.664902,2026-04-18 02:30:45.892887,0 days 00:01:13.227985,1.4085581159245157,7.4155581371418045,0.047932500588444005,3.0659989005212362,60.432196975198764,42.30359950369947,14,9,1,7,0.9394131982296178,20,12,0.005135883579667269,1.9272979374287977,2.385699593034645,2.7254807135239525,0.9861409525893964,15.628209853012986,81.8075895926627,0.9666586453093059,2.7623780232071713,-0.7916104086326204,0.1417885287012345,COMPLETE
196,311.2345781481246,2026-04-18 02:30:45.893903,2026-04-18 02:32:03.060977,0 days 00:01:17.167074,1.5329776768896548,7.357546798320529,0.047785021452541036,3.074850764144264,60.57980553466973,42.21478971670106,14,9,1,7,0.9369388945326478,20,12,0.005255142638746564,0.8916947181845093,2.3708309001433587,2.722012906297394,0.93320401730662,14.696404793112901,81.69922141761411,0.9422562127647529,2.952821644092939,-0.7318173147438093,0.14018308425413756,COMPLETE
197,480.8923044286252,2026-04-18 02:32:03.061979,2026-04-18 02:33:18.994539,0 days 00:01:15.932560,1.4073985312095392,7.159670656295327,0.046483427579014275,3.2556628548963604,60.17209305264563,43.259417197007174,14,9,1,7,0.941545825986857,20,12,0.006497928095842075,1.937821724875626,2.351723852455194,2.680881213818486,0.9864505783219196,15.559224676768586,82.03551366720782,0.9650685963632131,2.7142005920777303,-0.656556556283314,0.15755640203170723,COMPLETE
198,479.0872794555542,2026-04-18 02:33:18.995527,2026-04-18 02:34:34.401261,0 days 00:01:15.405734,1.4536531737587122,7.19127230588473,0.04813895559803008,3.2509680810393027,60.17989058163266,43.03177509901796,14,9,1,7,0.9370998969510104,20,12,0.005640292866491586,1.9368612033049086,2.327278565350138,2.5967253239024055,1.0120559371766624,14.443008324028506,81.8702853598477,0.9735241423113198,2.7781370149166507,-0.7992399280051409,0.15854973110135515,COMPLETE
199,344.5083938916484,2026-04-18 02:34:34.402315,2026-04-18 02:35:51.975241,0 days 00:01:17.572926,1.4703389287646522,7.117069374384711,0.05002972022270458,3.163936501980519,60.860089814621766,43.14619529079234,14,9,1,7,0.9508287759977421,20,12,0.006363027533127947,1.9618043912773684,1.4429376781134384,2.561439095103024,1.0155333586987652,14.392184268650176,81.45105811082355,0.9726297814832885,2.7472795159836734,-0.80088863679031,0.15997539030895344,COMPLETE
